<?xml version="1.0" encoding="utf-8"?>
<menu xmlns:android="http://schemas.android.com/apk/res/android" xmlns:app="http://schemas.android.com/apk/res-auto" xmlns:aapt="http://schemas.android.com/aapt">
    <group android:checkableBehavior="single">
        <item android:id="@+id/all_logs" android:checked="true" android:title="@string/all_logs"/>
        <item android:id="@+id/error_logs" android:title="@string/error"/>
        <item android:id="@+id/warn_logs" android:title="@string/warn"/>
        <item android:id="@+id/info_logs" android:title="@string/info"/>
        <item android:id="@+id/debug_logs" android:title="@string/debug"/>
        <item android:id="@+id/verbose_logs" android:title="@string/verbose"/>
    </group>
</menu>
