{
    "UserAgent": "aws-amplify-cli/0.1.0",
    "Version": "0.1.0",
    "IdentityManager": {
        "Default": {}
    },
    "CredentialsProvider": {
        "CognitoIdentity": {
            "Default": {
                "PoolId": "ap-southeast-1:eee63ad0-d50f-414d-9c44-80ad208850af",
                "Region": "ap-southeast-1"
            }
        }
    },
    "CognitoUserPool": {
        "Default": {
            "PoolId": "ap-southeast-1_VhGTg1luk",
            "AppClientId": "51jon2hd0irq96dh0fnp580089",
            "Region": "ap-southeast-1"
        }
    },
    "Auth": {
        "Default": {
            "authenticationFlowType": "USER_SRP_AUTH",
            "socialProviders": [],
            "usernameAttributes": [],
            "signupAttributes": [
                "EMAIL"
            ],
            "passwordProtectionSettings": {
                "passwordPolicyMinLength": 8,
                "passwordPolicyCharacters": []
            },
            "mfaConfiguration": "OFF",
            "mfaTypes": [
                "SMS"
            ],
            "verificationMechanisms": [
                "EMAIL"
            ]
        }
    },
    "S3TransferUtility": {
        "Default": {
            "Bucket": "mobilechallengeflag1bucket212242-prod",
            "Region": "ap-southeast-1"
        }
    }
}