MatricNo,Class,IndexNo,Gender
RVHS-2020001,1A,1,M
RVHS-2020002,1A,2,F
RVHS-2020003,1A,3,M
RVHS-2020004,1A,4,F
RVHS-2020005,1A,5,F
RVHS-2020006,1A,6,F
RVHS-2020007,1A,7,F
RVHS-2020008,1A,8,F
RVHS-2020009,1A,9,M
RVHS-2020010,1A,10,M
RVHS-2020011,1A,11,M
RVHS-2020012,1A,12,M
RVHS-2020013,1A,13,M
RVHS-2020014,1A,14,M
RVHS-2020015,1A,15,M
RVHS-2020016,1A,16,M
RVHS-2020017,1A,17,M
RVHS-2020018,1A,18,F
RVHS-2020019,1A,19,M
RVHS-2020020,1A,20,M
RVHS-2020021,1A,21,F
RVHS-2020022,1A,22,M
RVHS-2020023,1A,23,M
RVHS-2020024,1A,24,F
RVHS-2020025,1A,25,M
RVHS-2020026,1A,26,F
RVHS-2020027,1A,27,M
RVHS-2020028,1A,28,M
RVHS-2020029,1A,29,M
RVHS-2020030,1A,30,M
RVHS-2020031,1A,31,M
RVHS-2020032,1A,32,M
RVHS-2020033,1A,33,M
RVHS-2020034,1A,34,M
RVHS-2020035,1A,35,M
RVHS-2020036,1B,1,F
RVHS-2020037,1B,2,M
RVHS-2020038,1B,3,M
RVHS-2020039,1B,4,F
RVHS-2020040,1B,5,F
RVHS-2020041,1B,6,F
RVHS-2020042,1B,7,M
RVHS-2020043,1B,8,F
RVHS-2020044,1B,9,M
RVHS-2020045,1B,10,M
RVHS-2020046,1B,11,F
RVHS-2020047,1B,12,F
RVHS-2020048,1B,13,F
RVHS-2020049,1B,14,M
RVHS-2020050,1B,15,M
RVHS-2020051,1B,16,F
RVHS-2020052,1B,17,F
RVHS-2020053,1B,18,M
RVHS-2020054,1B,19,M
RVHS-2020055,1B,20,M
RVHS-2020056,1B,21,F
RVHS-2020057,1B,22,F
RVHS-2020058,1B,23,M
RVHS-2020059,1B,24,M
RVHS-2020060,1B,25,F
RVHS-2020061,1B,26,M
RVHS-2020062,1B,27,F
RVHS-2020063,1B,28,F
RVHS-2020064,1B,29,F
RVHS-2020065,1B,30,F
RVHS-2020066,1B,31,F
RVHS-2020067,1B,32,M
RVHS-2020068,1B,33,F
RVHS-2020069,1C,1,M
RVHS-2020070,1C,2,M
RVHS-2020071,1C,3,F
RVHS-2020072,1C,4,M
RVHS-2020073,1C,5,F
RVHS-2020074,1C,6,M
RVHS-2020075,1C,7,F
RVHS-2020076,1C,8,M
RVHS-2020077,1C,9,F
RVHS-2020078,1C,10,M
RVHS-2020079,1C,11,M
RVHS-2020080,1C,12,F
RVHS-2020081,1C,13,M
RVHS-2020082,1C,14,F
RVHS-2020083,1C,15,M
RVHS-2020084,1C,16,M
RVHS-2020085,1C,17,F
RVHS-2020086,1C,18,F
RVHS-2020087,1C,19,M
RVHS-2020088,1C,20,M
RVHS-2020089,1C,21,M
RVHS-2020090,1C,22,F
RVHS-2020091,1C,23,F
RVHS-2020092,1C,24,M
RVHS-2020093,1C,25,F
RVHS-2020094,1C,26,M
RVHS-2020095,1C,27,M
RVHS-2020096,1C,28,M
RVHS-2020097,1C,29,F
RVHS-2020098,1C,30,M
RVHS-2020099,1C,31,M
RVHS-2020100,1C,32,F
RVHS-2020101,1C,33,M
RVHS-2020102,1C,34,F
RVHS-2020103,1C,35,F
RVHS-2020104,1D,1,M
RVHS-2020105,1D,2,M
RVHS-2020106,1D,3,F
RVHS-2020107,1D,4,M
RVHS-2020108,1D,5,M
RVHS-2020109,1D,6,M
RVHS-2020110,1D,7,F
RVHS-2020111,1D,8,M
RVHS-2020112,1D,9,F
RVHS-2020113,1D,10,F
RVHS-2020114,1D,11,F
RVHS-2020115,1D,12,M
RVHS-2020116,1D,13,F
RVHS-2020117,1D,14,M
RVHS-2020118,1D,15,F
RVHS-2020119,1D,16,M
RVHS-2020120,1D,17,M
RVHS-2020121,1D,18,M
RVHS-2020122,1D,19,M
RVHS-2020123,1D,20,M
RVHS-2020124,1D,21,F
RVHS-2020125,1D,22,M
RVHS-2020126,1D,23,F
RVHS-2020127,1D,24,M
RVHS-2020128,1D,25,M
RVHS-2020129,1D,26,M
RVHS-2020130,1D,27,M
RVHS-2020131,1D,28,M
RVHS-2020132,1D,29,F
RVHS-2020133,1D,30,F
RVHS-2020134,1D,31,M
RVHS-2020135,1D,32,M
RVHS-2020136,1D,33,F
RVHS-2020137,1D,34,M
RVHS-2020138,1E,1,M
RVHS-2020139,1E,2,M
RVHS-2020140,1E,3,M
RVHS-2020141,1E,4,M
RVHS-2020142,1E,5,F
RVHS-2020143,1E,6,M
RVHS-2020144,1E,7,M
RVHS-2020145,1E,8,F
RVHS-2020146,1E,9,F
RVHS-2020147,1E,10,M
RVHS-2020148,1E,11,M
RVHS-2020149,1E,12,F
RVHS-2020150,1E,13,F
RVHS-2020151,1E,14,M
RVHS-2020152,1E,15,F
RVHS-2020153,1E,16,M
RVHS-2020154,1E,17,M
RVHS-2020155,1E,18,M
RVHS-2020156,1E,19,M
RVHS-2020157,1E,20,M
RVHS-2020158,1E,21,F
RVHS-2020159,1E,22,F
RVHS-2020160,1E,23,F
RVHS-2020161,1E,24,M
RVHS-2020162,1E,25,M
RVHS-2020163,1E,26,M
RVHS-2020164,1E,27,F
RVHS-2020165,1E,28,F
RVHS-2020166,1E,29,F
RVHS-2020167,1E,30,F
RVHS-2020168,1F,1,F
RVHS-2020169,1F,2,F
RVHS-2020170,1F,3,F
RVHS-2020171,1F,4,F
RVHS-2020172,1F,5,F
RVHS-2020173,1F,6,F
RVHS-2020174,1F,7,M
RVHS-2020175,1F,8,F
RVHS-2020176,1F,9,M
RVHS-2020177,1F,10,F
RVHS-2020178,1F,11,M
RVHS-2020179,1F,12,M
RVHS-2020180,1F,13,M
RVHS-2020181,1F,14,F
RVHS-2020182,1F,15,F
RVHS-2020183,1F,16,F
RVHS-2020184,1F,17,F
RVHS-2020185,1F,18,F
RVHS-2020186,1F,19,M
RVHS-2020187,1F,20,F
RVHS-2020188,1F,21,F
RVHS-2020189,1F,22,F
RVHS-2020190,1F,23,F
RVHS-2020191,1F,24,F
RVHS-2020192,1F,25,M
RVHS-2020193,1F,26,F
RVHS-2020194,1F,27,M
RVHS-2020195,1F,28,M
RVHS-2020196,1F,29,F
RVHS-2020197,1G,1,F
RVHS-2020198,1G,2,F
RVHS-2020199,1G,3,M
RVHS-2020200,1G,4,F
RVHS-2020201,1G,5,M
RVHS-2020202,1G,6,M
RVHS-2020203,1G,7,M
RVHS-2020204,1G,8,M
RVHS-2020205,1G,9,F
RVHS-2020206,1G,10,M
RVHS-2020207,1G,11,F
RVHS-2020208,1G,12,F
RVHS-2020209,1G,13,F
RVHS-2020210,1G,14,F
RVHS-2020211,1G,15,F
RVHS-2020212,1G,16,M
RVHS-2020213,1G,17,F
RVHS-2020214,1G,18,F
RVHS-2020215,1G,19,F
RVHS-2020216,1G,20,F
RVHS-2020217,1G,21,M
RVHS-2020218,1G,22,M
RVHS-2020219,1G,23,M
RVHS-2020220,1G,24,M
RVHS-2020221,1G,25,F
RVHS-2020222,1G,26,M
RVHS-2020223,1G,27,M
RVHS-2020224,1G,28,M
RVHS-2020225,1G,29,F
RVHS-2020226,1G,30,M
RVHS-2020227,1G,31,F
RVHS-2020228,1G,32,F
RVHS-2020229,1H,1,F
RVHS-2020230,1H,2,M
RVHS-2020231,1H,3,M
RVHS-2020232,1H,4,M
RVHS-2020233,1H,5,F
RVHS-2020234,1H,6,M
RVHS-2020235,1H,7,M
RVHS-2020236,1H,8,F
RVHS-2020237,1H,9,F
RVHS-2020238,1H,10,F
RVHS-2020239,1H,11,M
RVHS-2020240,1H,12,M
RVHS-2020241,1H,13,F
RVHS-2020242,1H,14,M
RVHS-2020243,1H,15,M
RVHS-2020244,1H,16,F
RVHS-2020245,1H,17,M
RVHS-2020246,1H,18,M
RVHS-2020247,1H,19,M
RVHS-2020248,1H,20,M
RVHS-2020249,1H,21,F
RVHS-2020250,1H,22,F
RVHS-2020251,1H,23,M
RVHS-2020252,1H,24,M
RVHS-2020253,1H,25,M
RVHS-2020254,1H,26,M
RVHS-2020255,1H,27,F
RVHS-2020256,1H,28,F
RVHS-2020257,1H,29,M
RVHS-2020258,1H,30,M
RVHS-2020259,1H,31,M
RVHS-2020260,1H,32,M
RVHS-2020261,1H,33,F
RVHS-2020262,1H,34,F
RVHS-2020263,1H,35,M
RVHS-2020264,1H,36,F
RVHS-2020265,1I,1,M
RVHS-2020266,1I,2,F
RVHS-2020267,1I,3,M
RVHS-2020268,1I,4,M
RVHS-2020269,1I,5,M
RVHS-2020270,1I,6,M
RVHS-2020271,1I,7,F
RVHS-2020272,1I,8,M
RVHS-2020273,1I,9,F
RVHS-2020274,1I,10,F
RVHS-2020275,1I,11,M
RVHS-2020276,1I,12,F
RVHS-2020277,1I,13,F
RVHS-2020278,1I,14,F
RVHS-2020279,1I,15,F
RVHS-2020280,1I,16,F
RVHS-2020281,1I,17,M
RVHS-2020282,1I,18,F
RVHS-2020283,1I,19,F
RVHS-2020284,1I,20,F
RVHS-2020285,1I,21,M
RVHS-2020286,1I,22,F
RVHS-2020287,1I,23,M
RVHS-2020288,1I,24,M
RVHS-2020289,1I,25,F
RVHS-2020290,1I,26,F
RVHS-2020291,1I,27,M
RVHS-2020292,1I,28,M
RVHS-2020293,1I,29,M
RVHS-2020294,1I,30,M
RVHS-2020295,1J,1,M
RVHS-2020296,1J,2,F
RVHS-2020297,1J,3,F
RVHS-2020298,1J,4,F
RVHS-2020299,1J,5,M
RVHS-2020300,1J,6,M
RVHS-2020301,1J,7,M
RVHS-2020302,1J,8,M
RVHS-2020303,1J,9,M
RVHS-2020304,1J,10,M
RVHS-2020305,1J,11,F
RVHS-2020306,1J,12,F
RVHS-2020307,1J,13,F
RVHS-2020308,1J,14,M
RVHS-2020309,1J,15,F
RVHS-2020310,1J,16,F
RVHS-2020311,1J,17,F
RVHS-2020312,1J,18,F
RVHS-2020313,1J,19,F
RVHS-2020314,1J,20,F
RVHS-2020315,1J,21,F
RVHS-2020316,1J,22,F
RVHS-2020317,1J,23,F
RVHS-2020318,1J,24,F
RVHS-2020319,1J,25,F
RVHS-2020320,1J,26,M
RVHS-2020321,1J,27,M
RVHS-2020322,1J,28,F
RVHS-2020323,1J,29,F
RVHS-2020324,1J,30,M
RVHS-2020325,1J,31,F
RVHS-2020326,1J,32,M
RVHS-2020327,1J,33,M
RVHS-2020328,1K,1,F
RVHS-2020329,1K,2,F
RVHS-2020330,1K,3,F
RVHS-2020331,1K,4,F
RVHS-2020332,1K,5,F
RVHS-2020333,1K,6,F
RVHS-2020334,1K,7,F
RVHS-2020335,1K,8,F
RVHS-2020336,1K,9,M
RVHS-2020337,1K,10,F
RVHS-2020338,1K,11,M
RVHS-2020339,1K,12,F
RVHS-2020340,1K,13,F
RVHS-2020341,1K,14,M
RVHS-2020342,1K,15,F
RVHS-2020343,1K,16,M
RVHS-2020344,1K,17,M
RVHS-2020345,1K,18,M
RVHS-2020346,1K,19,M
RVHS-2020347,1K,20,F
RVHS-2020348,1K,21,F
RVHS-2020349,1K,22,M
RVHS-2020350,1K,23,F
RVHS-2020351,1K,24,F
RVHS-2020352,1K,25,F
RVHS-2020353,1K,26,F
RVHS-2020354,1K,27,M
RVHS-2020355,1K,28,M
RVHS-2020356,1K,29,F
RVHS-2020357,1K,30,F
RVHS-2020358,1K,31,M
RVHS-2020359,1K,32,M
RVHS-2020360,1K,33,M
RVHS-2020361,1L,1,F
RVHS-2020362,1L,2,F
RVHS-2020363,1L,3,M
RVHS-2020364,1L,4,M
RVHS-2020365,1L,5,F
RVHS-2020366,1L,6,M
RVHS-2020367,1L,7,M
RVHS-2020368,1L,8,M
RVHS-2020369,1L,9,F
RVHS-2020370,1L,10,M
RVHS-2020371,1L,11,M
RVHS-2020372,1L,12,F
RVHS-2020373,1L,13,F
RVHS-2020374,1L,14,M
RVHS-2020375,1L,15,M
RVHS-2020376,1L,16,F
RVHS-2020377,1L,17,M
RVHS-2020378,1L,18,F
RVHS-2020379,1L,19,F
RVHS-2020380,1L,20,M
RVHS-2020381,1L,21,M
RVHS-2020382,1L,22,F
RVHS-2020383,1L,23,F
RVHS-2020384,1L,24,M
RVHS-2020385,1L,25,F
RVHS-2020386,1L,26,M
RVHS-2020387,1L,27,F
RVHS-2020388,1L,28,M
RVHS-2020389,1L,29,M
RVHS-2020390,1M,1,F
RVHS-2020391,1M,2,M
RVHS-2020392,1M,3,M
RVHS-2020393,1M,4,M
RVHS-2020394,1M,5,F
RVHS-2020395,1M,6,M
RVHS-2020396,1M,7,M
RVHS-2020397,1M,8,M
RVHS-2020398,1M,9,M
RVHS-2020399,1M,10,F
RVHS-2020400,1M,11,M
RVHS-2020401,1M,12,F
RVHS-2020402,1M,13,F
RVHS-2020403,1M,14,M
RVHS-2020404,1M,15,F
RVHS-2020405,1M,16,F
RVHS-2020406,1M,17,M
RVHS-2020407,1M,18,F
RVHS-2020408,1M,19,F
RVHS-2020409,1M,20,F
RVHS-2020410,1M,21,M
RVHS-2020411,1M,22,M
RVHS-2020412,1M,23,M
RVHS-2020413,1M,24,F
RVHS-2020414,1M,25,M
RVHS-2020415,1M,26,M
RVHS-2020416,1M,27,M
RVHS-2020417,1M,28,M
RVHS-2020418,1M,29,M
RVHS-2020419,1M,30,M
RVHS-2020420,1M,31,F
RVHS-2020421,1M,32,M
RVHS-2020422,1M,33,F
RVHS-2020423,1M,34,M
RVHS-2019001,2A,1,M
RVHS-2019002,2A,2,M
RVHS-2019003,2A,3,M
RVHS-2019004,2A,4,F
RVHS-2019005,2A,5,M
RVHS-2019006,2A,6,M
RVHS-2019007,2A,7,F
RVHS-2019008,2A,8,F
RVHS-2019009,2A,9,F
RVHS-2019010,2A,10,M
RVHS-2019011,2A,11,F
RVHS-2019012,2A,12,F
RVHS-2019013,2A,13,F
RVHS-2019014,2A,14,M
RVHS-2019015,2A,15,M
RVHS-2019016,2A,16,F
RVHS-2019017,2A,17,M
RVHS-2019018,2A,18,F
RVHS-2019019,2A,19,F
RVHS-2019020,2A,20,F
RVHS-2019021,2A,21,F
RVHS-2019022,2A,22,M
RVHS-2019023,2A,23,F
RVHS-2019024,2A,24,M
RVHS-2019025,2A,25,M
RVHS-2019026,2A,26,M
RVHS-2019027,2A,27,M
RVHS-2019028,2A,28,M
RVHS-2019029,2A,29,F
RVHS-2019030,2A,30,M
RVHS-2019031,2A,31,M
RVHS-2019032,2A,32,F
RVHS-2019033,2A,33,F
RVHS-2019034,2A,34,F
RVHS-2019035,2B,1,F
RVHS-2019036,2B,2,F
RVHS-2019037,2B,3,F
RVHS-2019038,2B,4,F
RVHS-2019039,2B,5,F
RVHS-2019040,2B,6,F
RVHS-2019041,2B,7,M
RVHS-2019042,2B,8,M
RVHS-2019043,2B,9,F
RVHS-2019044,2B,10,M
RVHS-2019045,2B,11,M
RVHS-2019046,2B,12,M
RVHS-2019047,2B,13,F
RVHS-2019048,2B,14,M
RVHS-2019049,2B,15,F
RVHS-2019050,2B,16,M
RVHS-2019051,2B,17,F
RVHS-2019052,2B,18,F
RVHS-2019053,2B,19,F
RVHS-2019054,2B,20,F
RVHS-2019055,2B,21,M
RVHS-2019056,2B,22,M
RVHS-2019057,2B,23,F
RVHS-2019058,2B,24,M
RVHS-2019059,2B,25,M
RVHS-2019060,2B,26,M
RVHS-2019061,2B,27,M
RVHS-2019062,2B,28,M
RVHS-2019063,2B,29,M
RVHS-2019064,2B,30,M
RVHS-2019065,2C,1,F
RVHS-2019066,2C,2,F
RVHS-2019067,2C,3,F
RVHS-2019068,2C,4,F
RVHS-2019069,2C,5,M
RVHS-2019070,2C,6,F
RVHS-2019071,2C,7,M
RVHS-2019072,2C,8,F
RVHS-2019073,2C,9,M
RVHS-2019074,2C,10,M
RVHS-2019075,2C,11,M
RVHS-2019076,2C,12,F
RVHS-2019077,2C,13,M
RVHS-2019078,2C,14,M
RVHS-2019079,2C,15,F
RVHS-2019080,2C,16,M
RVHS-2019081,2C,17,M
RVHS-2019082,2C,18,F
RVHS-2019083,2C,19,M
RVHS-2019084,2C,20,M
RVHS-2019085,2C,21,F
RVHS-2019086,2C,22,F
RVHS-2019087,2C,23,M
RVHS-2019088,2C,24,M
RVHS-2019089,2C,25,M
RVHS-2019090,2C,26,M
RVHS-2019091,2C,27,M
RVHS-2019092,2C,28,M
RVHS-2019093,2C,29,M
RVHS-2019094,2C,30,F
RVHS-2019095,2C,31,F
RVHS-2019096,2C,32,M
RVHS-2019097,2D,1,F
RVHS-2019098,2D,2,M
RVHS-2019099,2D,3,M
RVHS-2019100,2D,4,M
RVHS-2019101,2D,5,M
RVHS-2019102,2D,6,M
RVHS-2019103,2D,7,F
RVHS-2019104,2D,8,F
RVHS-2019105,2D,9,F
RVHS-2019106,2D,10,M
RVHS-2019107,2D,11,M
RVHS-2019108,2D,12,F
RVHS-2019109,2D,13,M
RVHS-2019110,2D,14,F
RVHS-2019111,2D,15,F
RVHS-2019112,2D,16,M
RVHS-2019113,2D,17,M
RVHS-2019114,2D,18,M
RVHS-2019115,2D,19,F
RVHS-2019116,2D,20,M
RVHS-2019117,2D,21,F
RVHS-2019118,2D,22,F
RVHS-2019119,2D,23,M
RVHS-2019120,2D,24,M
RVHS-2019121,2D,25,F
RVHS-2019122,2D,26,F
RVHS-2019123,2D,27,M
RVHS-2019124,2D,28,M
RVHS-2019125,2D,29,M
RVHS-2019126,2D,30,F
RVHS-2019127,2D,31,F
RVHS-2019128,2D,32,F
RVHS-2019129,2D,33,F
RVHS-2019130,2D,34,M
RVHS-2019131,2D,35,M
RVHS-2019132,2E,1,F
RVHS-2019133,2E,2,F
RVHS-2019134,2E,3,M
RVHS-2019135,2E,4,F
RVHS-2019136,2E,5,M
RVHS-2019137,2E,6,M
RVHS-2019138,2E,7,F
RVHS-2019139,2E,8,M
RVHS-2019140,2E,9,F
RVHS-2019141,2E,10,F
RVHS-2019142,2E,11,M
RVHS-2019143,2E,12,M
RVHS-2019144,2E,13,M
RVHS-2019145,2E,14,F
RVHS-2019146,2E,15,F
RVHS-2019147,2E,16,M
RVHS-2019148,2E,17,M
RVHS-2019149,2E,18,F
RVHS-2019150,2E,19,M
RVHS-2019151,2E,20,F
RVHS-2019152,2E,21,F
RVHS-2019153,2E,22,M
RVHS-2019154,2E,23,M
RVHS-2019155,2E,24,F
RVHS-2019156,2E,25,M
RVHS-2019157,2E,26,M
RVHS-2019158,2E,27,F
RVHS-2019159,2E,28,M
RVHS-2019160,2E,29,F
RVHS-2019161,2E,30,M
RVHS-2019162,2E,31,F
RVHS-2019163,2E,32,M
RVHS-2019164,2E,33,M
RVHS-2019165,2E,34,M
RVHS-2019166,2F,1,M
RVHS-2019167,2F,2,F
RVHS-2019168,2F,3,M
RVHS-2019169,2F,4,F
RVHS-2019170,2F,5,M
RVHS-2019171,2F,6,M
RVHS-2019172,2F,7,M
RVHS-2019173,2F,8,F
RVHS-2019174,2F,9,F
RVHS-2019175,2F,10,F
RVHS-2019176,2F,11,M
RVHS-2019177,2F,12,F
RVHS-2019178,2F,13,F
RVHS-2019179,2F,14,M
RVHS-2019180,2F,15,F
RVHS-2019181,2F,16,M
RVHS-2019182,2F,17,M
RVHS-2019183,2F,18,M
RVHS-2019184,2F,19,F
RVHS-2019185,2F,20,F
RVHS-2019186,2F,21,M
RVHS-2019187,2F,22,M
RVHS-2019188,2F,23,F
RVHS-2019189,2F,24,M
RVHS-2019190,2F,25,M
RVHS-2019191,2F,26,F
RVHS-2019192,2F,27,M
RVHS-2019193,2F,28,F
RVHS-2019194,2F,29,M
RVHS-2019195,2F,30,F
RVHS-2019196,2F,31,F
RVHS-2019197,2F,32,F
RVHS-2019198,2F,33,M
RVHS-2019199,2F,34,M
RVHS-2019200,2G,1,F
RVHS-2019201,2G,2,M
RVHS-2019202,2G,3,M
RVHS-2019203,2G,4,F
RVHS-2019204,2G,5,F
RVHS-2019205,2G,6,M
RVHS-2019206,2G,7,F
RVHS-2019207,2G,8,F
RVHS-2019208,2G,9,M
RVHS-2019209,2G,10,F
RVHS-2019210,2G,11,F
RVHS-2019211,2G,12,M
RVHS-2019212,2G,13,M
RVHS-2019213,2G,14,M
RVHS-2019214,2G,15,F
RVHS-2019215,2G,16,M
RVHS-2019216,2G,17,F
RVHS-2019217,2G,18,F
RVHS-2019218,2G,19,F
RVHS-2019219,2G,20,M
RVHS-2019220,2G,21,F
RVHS-2019221,2G,22,M
RVHS-2019222,2G,23,M
RVHS-2019223,2G,24,F
RVHS-2019224,2G,25,F
RVHS-2019225,2G,26,M
RVHS-2019226,2G,27,M
RVHS-2019227,2G,28,F
RVHS-2019228,2G,29,M
RVHS-2019229,2G,30,F
RVHS-2019230,2G,31,M
RVHS-2019231,2G,32,M
RVHS-2019232,2G,33,F
RVHS-2019233,2G,34,F
RVHS-2019234,2H,1,F
RVHS-2019235,2H,2,F
RVHS-2019236,2H,3,F
RVHS-2019237,2H,4,M
RVHS-2019238,2H,5,F
RVHS-2019239,2H,6,M
RVHS-2019240,2H,7,M
RVHS-2019241,2H,8,M
RVHS-2019242,2H,9,F
RVHS-2019243,2H,10,F
RVHS-2019244,2H,11,F
RVHS-2019245,2H,12,M
RVHS-2019246,2H,13,M
RVHS-2019247,2H,14,F
RVHS-2019248,2H,15,M
RVHS-2019249,2H,16,F
RVHS-2019250,2H,17,F
RVHS-2019251,2H,18,M
RVHS-2019252,2H,19,F
RVHS-2019253,2H,20,F
RVHS-2019254,2H,21,M
RVHS-2019255,2H,22,F
RVHS-2019256,2H,23,M
RVHS-2019257,2H,24,F
RVHS-2019258,2H,25,M
RVHS-2019259,2H,26,F
RVHS-2019260,2H,27,F
RVHS-2019261,2H,28,F
RVHS-2019262,2H,29,M
RVHS-2019263,2H,30,M
RVHS-2019264,2I,1,M
RVHS-2019265,2I,2,M
RVHS-2019266,2I,3,M
RVHS-2019267,2I,4,F
RVHS-2019268,2I,5,F
RVHS-2019269,2I,6,F
RVHS-2019270,2I,7,F
RVHS-2019271,2I,8,M
RVHS-2019272,2I,9,F
RVHS-2019273,2I,10,M
RVHS-2019274,2I,11,F
RVHS-2019275,2I,12,M
RVHS-2019276,2I,13,F
RVHS-2019277,2I,14,M
RVHS-2019278,2I,15,M
RVHS-2019279,2I,16,M
RVHS-2019280,2I,17,M
RVHS-2019281,2I,18,F
RVHS-2019282,2I,19,M
RVHS-2019283,2I,20,F
RVHS-2019284,2I,21,F
RVHS-2019285,2I,22,M
RVHS-2019286,2I,23,F
RVHS-2019287,2I,24,M
RVHS-2019288,2I,25,M
RVHS-2019289,2I,26,F
RVHS-2019290,2I,27,M
RVHS-2019291,2I,28,F
RVHS-2019292,2I,29,M
RVHS-2019293,2I,30,M
RVHS-2019294,2I,31,M
RVHS-2019295,2I,32,M
RVHS-2019296,2I,33,F
RVHS-2019297,2J,1,M
RVHS-2019298,2J,2,M
RVHS-2019299,2J,3,M
RVHS-2019300,2J,4,M
RVHS-2019301,2J,5,F
RVHS-2019302,2J,6,M
RVHS-2019303,2J,7,F
RVHS-2019304,2J,8,M
RVHS-2019305,2J,9,M
RVHS-2019306,2J,10,F
RVHS-2019307,2J,11,M
RVHS-2019308,2J,12,F
RVHS-2019309,2J,13,F
RVHS-2019310,2J,14,M
RVHS-2019311,2J,15,F
RVHS-2019312,2J,16,F
RVHS-2019313,2J,17,M
RVHS-2019314,2J,18,M
RVHS-2019315,2J,19,M
RVHS-2019316,2J,20,F
RVHS-2019317,2J,21,F
RVHS-2019318,2J,22,M
RVHS-2019319,2J,23,M
RVHS-2019320,2J,24,F
RVHS-2019321,2J,25,F
RVHS-2019322,2J,26,F
RVHS-2019323,2J,27,F
RVHS-2019324,2J,28,M
RVHS-2019325,2J,29,M
RVHS-2019326,2K,1,F
RVHS-2019327,2K,2,M
RVHS-2019328,2K,3,M
RVHS-2019329,2K,4,M
RVHS-2019330,2K,5,F
RVHS-2019331,2K,6,F
RVHS-2019332,2K,7,F
RVHS-2019333,2K,8,M
RVHS-2019334,2K,9,F
RVHS-2019335,2K,10,F
RVHS-2019336,2K,11,M
RVHS-2019337,2K,12,M
RVHS-2019338,2K,13,M
RVHS-2019339,2K,14,F
RVHS-2019340,2K,15,M
RVHS-2019341,2K,16,F
RVHS-2019342,2K,17,F
RVHS-2019343,2K,18,M
RVHS-2019344,2K,19,F
RVHS-2019345,2K,20,M
RVHS-2019346,2K,21,F
RVHS-2019347,2K,22,F
RVHS-2019348,2K,23,M
RVHS-2019349,2K,24,F
RVHS-2019350,2K,25,M
RVHS-2019351,2K,26,F
RVHS-2019352,2K,27,F
RVHS-2019353,2K,28,F
RVHS-2019354,2K,29,M
RVHS-2019355,2K,30,F
RVHS-2019356,2K,31,M
RVHS-2019357,2K,32,F
RVHS-2019358,2K,33,M
RVHS-2019359,2L,1,F
RVHS-2019360,2L,2,M
RVHS-2019361,2L,3,F
RVHS-2019362,2L,4,F
RVHS-2019363,2L,5,F
RVHS-2019364,2L,6,M
RVHS-2019365,2L,7,F
RVHS-2019366,2L,8,M
RVHS-2019367,2L,9,M
RVHS-2019368,2L,10,F
RVHS-2019369,2L,11,M
RVHS-2019370,2L,12,M
RVHS-2019371,2L,13,F
RVHS-2019372,2L,14,F
RVHS-2019373,2L,15,M
RVHS-2019374,2L,16,M
RVHS-2019375,2L,17,M
RVHS-2019376,2L,18,F
RVHS-2019377,2L,19,M
RVHS-2019378,2L,20,F
RVHS-2019379,2L,21,M
RVHS-2019380,2L,22,F
RVHS-2019381,2L,23,M
RVHS-2019382,2L,24,F
RVHS-2019383,2L,25,M
RVHS-2019384,2L,26,M
RVHS-2019385,2L,27,F
RVHS-2019386,2L,28,M
RVHS-2019387,2L,29,F
RVHS-2019388,2L,30,F
RVHS-2019389,2M,1,M
RVHS-2019390,2M,2,F
RVHS-2019391,2M,3,M
RVHS-2019392,2M,4,M
RVHS-2019393,2M,5,M
RVHS-2019394,2M,6,M
RVHS-2019395,2M,7,M
RVHS-2019396,2M,8,M
RVHS-2019397,2M,9,F
RVHS-2019398,2M,10,M
RVHS-2019399,2M,11,F
RVHS-2019400,2M,12,F
RVHS-2019401,2M,13,F
RVHS-2019402,2M,14,F
RVHS-2019403,2M,15,F
RVHS-2019404,2M,16,M
RVHS-2019405,2M,17,F
RVHS-2019406,2M,18,F
RVHS-2019407,2M,19,M
RVHS-2019408,2M,20,M
RVHS-2019409,2M,21,M
RVHS-2019410,2M,22,F
RVHS-2019411,2M,23,M
RVHS-2019412,2M,24,F
RVHS-2019413,2M,25,M
RVHS-2019414,2M,26,F
RVHS-2019415,2M,27,M
RVHS-2019416,2M,28,M
RVHS-2019417,2M,29,M
RVHS-2019418,2M,30,F
RVHS-2018001,3A,1,F
RVHS-2018002,3A,2,F
RVHS-2018003,3A,3,F
RVHS-2018004,3A,4,M
RVHS-2018005,3A,5,M
RVHS-2018006,3A,6,M
RVHS-2018007,3A,7,M
RVHS-2018008,3A,8,M
RVHS-2018009,3A,9,F
RVHS-2018010,3A,10,M
RVHS-2018011,3A,11,F
RVHS-2018012,3A,12,F
RVHS-2018013,3A,13,M
RVHS-2018014,3A,14,F
RVHS-2018015,3A,15,F
RVHS-2018016,3A,16,F
RVHS-2018017,3A,17,M
RVHS-2018018,3A,18,F
RVHS-2018019,3A,19,M
RVHS-2018020,3A,20,F
RVHS-2018021,3A,21,M
RVHS-2018022,3A,22,F
RVHS-2018023,3A,23,M
RVHS-2018024,3A,24,F
RVHS-2018025,3A,25,M
RVHS-2018026,3A,26,F
RVHS-2018027,3A,27,M
RVHS-2018028,3A,28,F
RVHS-2018029,3A,29,M
RVHS-2018030,3A,30,F
RVHS-2018031,3A,31,M
RVHS-2018032,3A,32,F
RVHS-2018033,3A,33,M
RVHS-2018034,3A,34,M
RVHS-2018035,3A,35,M
RVHS-2018036,3A,36,M
RVHS-2018037,3B,1,M
RVHS-2018038,3B,2,M
RVHS-2018039,3B,3,F
RVHS-2018040,3B,4,F
RVHS-2018041,3B,5,M
RVHS-2018042,3B,6,F
RVHS-2018043,3B,7,M
RVHS-2018044,3B,8,F
RVHS-2018045,3B,9,M
RVHS-2018046,3B,10,M
RVHS-2018047,3B,11,F
RVHS-2018048,3B,12,M
RVHS-2018049,3B,13,F
RVHS-2018050,3B,14,M
RVHS-2018051,3B,15,F
RVHS-2018052,3B,16,F
RVHS-2018053,3B,17,M
RVHS-2018054,3B,18,F
RVHS-2018055,3B,19,F
RVHS-2018056,3B,20,M
RVHS-2018057,3B,21,F
RVHS-2018058,3B,22,M
RVHS-2018059,3B,23,F
RVHS-2018060,3B,24,M
RVHS-2018061,3B,25,F
RVHS-2018062,3B,26,M
RVHS-2018063,3B,27,F
RVHS-2018064,3B,28,F
RVHS-2018065,3B,29,M
RVHS-2018066,3B,30,M
RVHS-2018067,3B,31,M
RVHS-2018068,3B,32,M
RVHS-2018069,3C,1,F
RVHS-2018070,3C,2,F
RVHS-2018071,3C,3,F
RVHS-2018072,3C,4,M
RVHS-2018073,3C,5,M
RVHS-2018074,3C,6,M
RVHS-2018075,3C,7,M
RVHS-2018076,3C,8,F
RVHS-2018077,3C,9,M
RVHS-2018078,3C,10,F
RVHS-2018079,3C,11,F
RVHS-2018080,3C,12,M
RVHS-2018081,3C,13,F
RVHS-2018082,3C,14,M
RVHS-2018083,3C,15,M
RVHS-2018084,3C,16,M
RVHS-2018085,3C,17,M
RVHS-2018086,3C,18,F
RVHS-2018087,3C,19,M
RVHS-2018088,3C,20,M
RVHS-2018089,3C,21,M
RVHS-2018090,3C,22,F
RVHS-2018091,3C,23,F
RVHS-2018092,3C,24,M
RVHS-2018093,3C,25,F
RVHS-2018094,3C,26,F
RVHS-2018095,3C,27,M
RVHS-2018096,3C,28,F
RVHS-2018097,3C,29,M
RVHS-2018098,3D,1,F
RVHS-2018099,3D,2,M
RVHS-2018100,3D,3,F
RVHS-2018101,3D,4,F
RVHS-2018102,3D,5,F
RVHS-2018103,3D,6,M
RVHS-2018104,3D,7,M
RVHS-2018105,3D,8,F
RVHS-2018106,3D,9,F
RVHS-2018107,3D,10,M
RVHS-2018108,3D,11,F
RVHS-2018109,3D,12,F
RVHS-2018110,3D,13,F
RVHS-2018111,3D,14,F
RVHS-2018112,3D,15,M
RVHS-2018113,3D,16,F
RVHS-2018114,3D,17,F
RVHS-2018115,3D,18,F
RVHS-2018116,3D,19,F
RVHS-2018117,3D,20,M
RVHS-2018118,3D,21,M
RVHS-2018119,3D,22,M
RVHS-2018120,3D,23,M
RVHS-2018121,3D,24,F
RVHS-2018122,3D,25,M
RVHS-2018123,3D,26,F
RVHS-2018124,3D,27,F
RVHS-2018125,3D,28,M
RVHS-2018126,3D,29,F
RVHS-2018127,3D,30,M
RVHS-2018128,3D,31,M
RVHS-2018129,3E,1,M
RVHS-2018130,3E,2,M
RVHS-2018131,3E,3,F
RVHS-2018132,3E,4,M
RVHS-2018133,3E,5,M
RVHS-2018134,3E,6,M
RVHS-2018135,3E,7,M
RVHS-2018136,3E,8,M
RVHS-2018137,3E,9,F
RVHS-2018138,3E,10,F
RVHS-2018139,3E,11,F
RVHS-2018140,3E,12,M
RVHS-2018141,3E,13,F
RVHS-2018142,3E,14,M
RVHS-2018143,3E,15,M
RVHS-2018144,3E,16,M
RVHS-2018145,3E,17,F
RVHS-2018146,3E,18,M
RVHS-2018147,3E,19,M
RVHS-2018148,3E,20,M
RVHS-2018149,3E,21,M
RVHS-2018150,3E,22,M
RVHS-2018151,3E,23,M
RVHS-2018152,3E,24,F
RVHS-2018153,3E,25,M
RVHS-2018154,3E,26,F
RVHS-2018155,3E,27,M
RVHS-2018156,3E,28,M
RVHS-2018157,3E,29,F
RVHS-2018158,3E,30,M
RVHS-2018159,3E,31,M
RVHS-2018160,3E,32,F
RVHS-2018161,3E,33,F
RVHS-2018162,3F,1,F
RVHS-2018163,3F,2,F
RVHS-2018164,3F,3,F
RVHS-2018165,3F,4,M
RVHS-2018166,3F,5,M
RVHS-2018167,3F,6,F
RVHS-2018168,3F,7,M
RVHS-2018169,3F,8,M
RVHS-2018170,3F,9,F
RVHS-2018171,3F,10,M
RVHS-2018172,3F,11,F
RVHS-2018173,3F,12,F
RVHS-2018174,3F,13,F
RVHS-2018175,3F,14,M
RVHS-2018176,3F,15,M
RVHS-2018177,3F,16,M
RVHS-2018178,3F,17,M
RVHS-2018179,3F,18,M
RVHS-2018180,3F,19,F
RVHS-2018181,3F,20,M
RVHS-2018182,3F,21,F
RVHS-2018183,3F,22,M
RVHS-2018184,3F,23,F
RVHS-2018185,3F,24,M
RVHS-2018186,3F,25,M
RVHS-2018187,3F,26,M
RVHS-2018188,3F,27,F
RVHS-2018189,3F,28,F
RVHS-2018190,3F,29,M
RVHS-2018191,3F,30,M
RVHS-2018192,3F,31,F
RVHS-2018193,3G,1,M
RVHS-2018194,3G,2,M
RVHS-2018195,3G,3,F
RVHS-2018196,3G,4,M
RVHS-2018197,3G,5,F
RVHS-2018198,3G,6,F
RVHS-2018199,3G,7,M
RVHS-2018200,3G,8,F
RVHS-2018201,3G,9,F
RVHS-2018202,3G,10,M
RVHS-2018203,3G,11,F
RVHS-2018204,3G,12,M
RVHS-2018205,3G,13,F
RVHS-2018206,3G,14,M
RVHS-2018207,3G,15,M
RVHS-2018208,3G,16,F
RVHS-2018209,3G,17,F
RVHS-2018210,3G,18,F
RVHS-2018211,3G,19,M
RVHS-2018212,3G,20,F
RVHS-2018213,3G,21,F
RVHS-2018214,3G,22,F
RVHS-2018215,3G,23,M
RVHS-2018216,3G,24,F
RVHS-2018217,3G,25,F
RVHS-2018218,3G,26,F
RVHS-2018219,3G,27,F
RVHS-2018220,3G,28,M
RVHS-2018221,3G,29,F
RVHS-2018222,3G,30,M
RVHS-2018223,3G,31,M
RVHS-2018224,3G,32,F
RVHS-2018225,3G,33,M
RVHS-2018226,3G,34,M
RVHS-2018227,3G,35,F
RVHS-2018228,3G,36,F
RVHS-2018229,3H,1,F
RVHS-2018230,3H,2,F
RVHS-2018231,3H,3,M
RVHS-2018232,3H,4,F
RVHS-2018233,3H,5,M
RVHS-2018234,3H,6,M
RVHS-2018235,3H,7,F
RVHS-2018236,3H,8,M
RVHS-2018237,3H,9,F
RVHS-2018238,3H,10,M
RVHS-2018239,3H,11,F
RVHS-2018240,3H,12,F
RVHS-2018241,3H,13,M
RVHS-2018242,3H,14,F
RVHS-2018243,3H,15,M
RVHS-2018244,3H,16,M
RVHS-2018245,3H,17,M
RVHS-2018246,3H,18,F
RVHS-2018247,3H,19,F
RVHS-2018248,3H,20,F
RVHS-2018249,3H,21,F
RVHS-2018250,3H,22,M
RVHS-2018251,3H,23,F
RVHS-2018252,3H,24,M
RVHS-2018253,3H,25,F
RVHS-2018254,3H,26,M
RVHS-2018255,3H,27,F
RVHS-2018256,3H,28,F
RVHS-2018257,3H,29,F
RVHS-2018258,3H,30,F
RVHS-2018259,3I,1,F
RVHS-2018260,3I,2,M
RVHS-2018261,3I,3,F
RVHS-2018262,3I,4,F
RVHS-2018263,3I,5,M
RVHS-2018264,3I,6,M
RVHS-2018265,3I,7,M
RVHS-2018266,3I,8,M
RVHS-2018267,3I,9,F
RVHS-2018268,3I,10,M
RVHS-2018269,3I,11,M
RVHS-2018270,3I,12,F
RVHS-2018271,3I,13,M
RVHS-2018272,3I,14,M
RVHS-2018273,3I,15,M
RVHS-2018274,3I,16,M
RVHS-2018275,3I,17,M
RVHS-2018276,3I,18,F
RVHS-2018277,3I,19,F
RVHS-2018278,3I,20,M
RVHS-2018279,3I,21,M
RVHS-2018280,3I,22,M
RVHS-2018281,3I,23,M
RVHS-2018282,3I,24,F
RVHS-2018283,3I,25,M
RVHS-2018284,3I,26,M
RVHS-2018285,3I,27,F
RVHS-2018286,3I,28,F
RVHS-2018287,3I,29,M
RVHS-2018288,3I,30,F
RVHS-2018289,3I,31,M
RVHS-2018290,3I,32,F
RVHS-2018291,3I,33,M
RVHS-2018292,3I,34,F
RVHS-2018293,3J,1,F
RVHS-2018294,3J,2,F
RVHS-2018295,3J,3,F
RVHS-2018296,3J,4,F
RVHS-2018297,3J,5,F
RVHS-2018298,3J,6,M
RVHS-2018299,3J,7,F
RVHS-2018300,3J,8,F
RVHS-2018301,3J,9,F
RVHS-2018302,3J,10,F
RVHS-2018303,3J,11,M
RVHS-2018304,3J,12,M
RVHS-2018305,3J,13,M
RVHS-2018306,3J,14,M
RVHS-2018307,3J,15,M
RVHS-2018308,3J,16,F
RVHS-2018309,3J,17,F
RVHS-2018310,3J,18,M
RVHS-2018311,3J,19,F
RVHS-2018312,3J,20,M
RVHS-2018313,3J,21,M
RVHS-2018314,3J,22,F
RVHS-2018315,3J,23,M
RVHS-2018316,3J,24,M
RVHS-2018317,3J,25,F
RVHS-2018318,3J,26,M
RVHS-2018319,3J,27,F
RVHS-2018320,3J,28,M
RVHS-2018321,3J,29,M
RVHS-2018322,3J,30,M
RVHS-2018323,3K,1,M
RVHS-2018324,3K,2,F
RVHS-2018325,3K,3,M
RVHS-2018326,3K,4,F
RVHS-2018327,3K,5,M
RVHS-2018328,3K,6,F
RVHS-2018329,3K,7,F
RVHS-2018330,3K,8,F
RVHS-2018331,3K,9,F
RVHS-2018332,3K,10,F
RVHS-2018333,3K,11,M
RVHS-2018334,3K,12,M
RVHS-2018335,3K,13,M
RVHS-2018336,3K,14,M
RVHS-2018337,3K,15,F
RVHS-2018338,3K,16,M
RVHS-2018339,3K,17,M
RVHS-2018340,3K,18,M
RVHS-2018341,3K,19,F
RVHS-2018342,3K,20,M
RVHS-2018343,3K,21,M
RVHS-2018344,3K,22,F
RVHS-2018345,3K,23,M
RVHS-2018346,3K,24,F
RVHS-2018347,3K,25,M
RVHS-2018348,3K,26,M
RVHS-2018349,3K,27,M
RVHS-2018350,3K,28,M
RVHS-2018351,3K,29,F
RVHS-2018352,3K,30,F
RVHS-2018353,3L,1,M
RVHS-2018354,3L,2,F
RVHS-2018355,3L,3,F
RVHS-2018356,3L,4,F
RVHS-2018357,3L,5,F
RVHS-2018358,3L,6,M
RVHS-2018359,3L,7,F
RVHS-2018360,3L,8,M
RVHS-2018361,3L,9,M
RVHS-2018362,3L,10,F
RVHS-2018363,3L,11,M
RVHS-2018364,3L,12,M
RVHS-2018365,3L,13,M
RVHS-2018366,3L,14,M
RVHS-2018367,3L,15,F
RVHS-2018368,3L,16,M
RVHS-2018369,3L,17,F
RVHS-2018370,3L,18,M
RVHS-2018371,3L,19,F
RVHS-2018372,3L,20,M
RVHS-2018373,3L,21,F
RVHS-2018374,3L,22,F
RVHS-2018375,3L,23,M
RVHS-2018376,3L,24,M
RVHS-2018377,3L,25,M
RVHS-2018378,3L,26,M
RVHS-2018379,3L,27,F
RVHS-2018380,3L,28,F
RVHS-2018381,3L,29,M
RVHS-2018382,3L,30,M
RVHS-2018383,3L,31,M
RVHS-2018384,3L,32,F
RVHS-2018385,3M,1,M
RVHS-2018386,3M,2,M
RVHS-2018387,3M,3,F
RVHS-2018388,3M,4,M
RVHS-2018389,3M,5,F
RVHS-2018390,3M,6,M
RVHS-2018391,3M,7,F
RVHS-2018392,3M,8,F
RVHS-2018393,3M,9,M
RVHS-2018394,3M,10,F
RVHS-2018395,3M,11,F
RVHS-2018396,3M,12,M
RVHS-2018397,3M,13,M
RVHS-2018398,3M,14,F
RVHS-2018399,3M,15,M
RVHS-2018400,3M,16,F
RVHS-2018401,3M,17,F
RVHS-2018402,3M,18,M
RVHS-2018403,3M,19,F
RVHS-2018404,3M,20,M
RVHS-2018405,3M,21,M
RVHS-2018406,3M,22,F
RVHS-2018407,3M,23,M
RVHS-2018408,3M,24,F
RVHS-2018409,3M,25,M
RVHS-2018410,3M,26,F
RVHS-2018411,3M,27,F
RVHS-2018412,3M,28,M
RVHS-2018413,3M,29,M
RVHS-2018414,3M,30,M
RVHS-2018415,3M,31,M
RVHS-2018416,3M,32,M
RVHS-2018417,3M,33,F
RVHS-2018418,3M,34,M
RVHS-2018419,3M,35,M
RVHS-2017001,4A,1,M
RVHS-2017002,4A,2,M
RVHS-2017003,4A,3,F
RVHS-2017004,4A,4,F
RVHS-2017005,4A,5,F
RVHS-2017006,4A,6,F
RVHS-2017007,4A,7,F
RVHS-2017008,4A,8,M
RVHS-2017009,4A,9,M
RVHS-2017010,4A,10,M
RVHS-2017011,4A,11,F
RVHS-2017012,4A,12,M
RVHS-2017013,4A,13,M
RVHS-2017014,4A,14,F
RVHS-2017015,4A,15,F
RVHS-2017016,4A,16,M
RVHS-2017017,4A,17,M
RVHS-2017018,4A,18,M
RVHS-2017019,4A,19,F
RVHS-2017020,4A,20,M
RVHS-2017021,4A,21,F
RVHS-2017022,4A,22,M
RVHS-2017023,4A,23,F
RVHS-2017024,4A,24,M
RVHS-2017025,4A,25,F
RVHS-2017026,4A,26,F
RVHS-2017027,4A,27,M
RVHS-2017028,4A,28,M
RVHS-2017029,4A,29,F
RVHS-2017030,4A,30,F
RVHS-2017031,4A,31,M
RVHS-2017032,4A,32,F
RVHS-2017033,4A,33,F
RVHS-2017034,4B,1,M
RVHS-2017035,4B,2,F
RVHS-2017036,4B,3,M
RVHS-2017037,4B,4,M
RVHS-2017038,4B,5,M
RVHS-2017039,4B,6,F
RVHS-2017040,4B,7,F
RVHS-2017041,4B,8,M
RVHS-2017042,4B,9,F
RVHS-2017043,4B,10,M
RVHS-2017044,4B,11,M
RVHS-2017045,4B,12,F
RVHS-2017046,4B,13,M
RVHS-2017047,4B,14,M
RVHS-2017048,4B,15,M
RVHS-2017049,4B,16,F
RVHS-2017050,4B,17,F
RVHS-2017051,4B,18,F
RVHS-2017052,4B,19,M
RVHS-2017053,4B,20,M
RVHS-2017054,4B,21,M
RVHS-2017055,4B,22,M
RVHS-2017056,4B,23,F
RVHS-2017057,4B,24,M
RVHS-2017058,4B,25,F
RVHS-2017059,4B,26,F
RVHS-2017060,4B,27,M
RVHS-2017061,4B,28,F
RVHS-2017062,4B,29,M
RVHS-2017063,4B,30,M
RVHS-2017064,4C,1,F
RVHS-2017065,4C,2,F
RVHS-2017066,4C,3,M
RVHS-2017067,4C,4,M
RVHS-2017068,4C,5,M
RVHS-2017069,4C,6,F
RVHS-2017070,4C,7,M
RVHS-2017071,4C,8,M
RVHS-2017072,4C,9,F
RVHS-2017073,4C,10,F
RVHS-2017074,4C,11,M
RVHS-2017075,4C,12,F
RVHS-2017076,4C,13,M
RVHS-2017077,4C,14,M
RVHS-2017078,4C,15,F
RVHS-2017079,4C,16,F
RVHS-2017080,4C,17,F
RVHS-2017081,4C,18,M
RVHS-2017082,4C,19,M
RVHS-2017083,4C,20,F
RVHS-2017084,4C,21,F
RVHS-2017085,4C,22,M
RVHS-2017086,4C,23,F
RVHS-2017087,4C,24,M
RVHS-2017088,4C,25,M
RVHS-2017089,4C,26,F
RVHS-2017090,4C,27,F
RVHS-2017091,4C,28,F
RVHS-2017092,4C,29,F
RVHS-2017093,4C,30,M
RVHS-2017094,4C,31,M
RVHS-2017095,4C,32,F
RVHS-2017096,4C,33,M
RVHS-2017097,4C,34,F
RVHS-2017098,4D,1,M
RVHS-2017099,4D,2,F
RVHS-2017100,4D,3,F
RVHS-2017101,4D,4,M
RVHS-2017102,4D,5,M
RVHS-2017103,4D,6,M
RVHS-2017104,4D,7,M
RVHS-2017105,4D,8,M
RVHS-2017106,4D,9,M
RVHS-2017107,4D,10,F
RVHS-2017108,4D,11,M
RVHS-2017109,4D,12,F
RVHS-2017110,4D,13,F
RVHS-2017111,4D,14,F
RVHS-2017112,4D,15,M
RVHS-2017113,4D,16,F
RVHS-2017114,4D,17,F
RVHS-2017115,4D,18,F
RVHS-2017116,4D,19,F
RVHS-2017117,4D,20,M
RVHS-2017118,4D,21,M
RVHS-2017119,4D,22,F
RVHS-2017120,4D,23,F
RVHS-2017121,4D,24,F
RVHS-2017122,4D,25,M
RVHS-2017123,4D,26,M
RVHS-2017124,4D,27,F
RVHS-2017125,4D,28,M
RVHS-2017126,4D,29,M
RVHS-2017127,4D,30,F
RVHS-2017128,4D,31,F
RVHS-2017129,4D,32,F
RVHS-2017130,4D,33,M
RVHS-2017131,4D,34,M
RVHS-2017132,4D,35,F
RVHS-2017133,4E,1,F
RVHS-2017134,4E,2,F
RVHS-2017135,4E,3,M
RVHS-2017136,4E,4,F
RVHS-2017137,4E,5,M
RVHS-2017138,4E,6,F
RVHS-2017139,4E,7,M
RVHS-2017140,4E,8,M
RVHS-2017141,4E,9,M
RVHS-2017142,4E,10,F
RVHS-2017143,4E,11,M
RVHS-2017144,4E,12,M
RVHS-2017145,4E,13,M
RVHS-2017146,4E,14,M
RVHS-2017147,4E,15,M
RVHS-2017148,4E,16,M
RVHS-2017149,4E,17,F
RVHS-2017150,4E,18,F
RVHS-2017151,4E,19,M
RVHS-2017152,4E,20,F
RVHS-2017153,4E,21,F
RVHS-2017154,4E,22,M
RVHS-2017155,4E,23,F
RVHS-2017156,4E,24,M
RVHS-2017157,4E,25,F
RVHS-2017158,4E,26,M
RVHS-2017159,4E,27,F
RVHS-2017160,4E,28,M
RVHS-2017161,4E,29,F
RVHS-2017162,4E,30,F
RVHS-2017163,4E,31,F
RVHS-2017164,4E,32,F
RVHS-2017165,4E,33,M
RVHS-2017166,4E,34,F
RVHS-2017167,4E,35,F
RVHS-2017168,4F,1,F
RVHS-2017169,4F,2,M
RVHS-2017170,4F,3,M
RVHS-2017171,4F,4,F
RVHS-2017172,4F,5,M
RVHS-2017173,4F,6,F
RVHS-2017174,4F,7,F
RVHS-2017175,4F,8,F
RVHS-2017176,4F,9,M
RVHS-2017177,4F,10,F
RVHS-2017178,4F,11,M
RVHS-2017179,4F,12,M
RVHS-2017180,4F,13,M
RVHS-2017181,4F,14,F
RVHS-2017182,4F,15,F
RVHS-2017183,4F,16,F
RVHS-2017184,4F,17,F
RVHS-2017185,4F,18,F
RVHS-2017186,4F,19,M
RVHS-2017187,4F,20,M
RVHS-2017188,4F,21,F
RVHS-2017189,4F,22,M
RVHS-2017190,4F,23,M
RVHS-2017191,4F,24,M
RVHS-2017192,4F,25,M
RVHS-2017193,4F,26,M
RVHS-2017194,4F,27,F
RVHS-2017195,4F,28,F
RVHS-2017196,4F,29,M
RVHS-2017197,4F,30,M
RVHS-2017198,4F,31,F
RVHS-2017199,4F,32,M
RVHS-2017200,4F,33,F
RVHS-2017201,4F,34,F
RVHS-2017202,4G,1,F
RVHS-2017203,4G,2,M
RVHS-2017204,4G,3,M
RVHS-2017205,4G,4,M
RVHS-2017206,4G,5,M
RVHS-2017207,4G,6,M
RVHS-2017208,4G,7,F
RVHS-2017209,4G,8,M
RVHS-2017210,4G,9,F
RVHS-2017211,4G,10,F
RVHS-2017212,4G,11,F
RVHS-2017213,4G,12,M
RVHS-2017214,4G,13,F
RVHS-2017215,4G,14,F
RVHS-2017216,4G,15,M
RVHS-2017217,4G,16,F
RVHS-2017218,4G,17,F
RVHS-2017219,4G,18,F
RVHS-2017220,4G,19,F
RVHS-2017221,4G,20,F
RVHS-2017222,4G,21,F
RVHS-2017223,4G,22,M
RVHS-2017224,4G,23,F
RVHS-2017225,4G,24,F
RVHS-2017226,4G,25,F
RVHS-2017227,4G,26,F
RVHS-2017228,4G,27,M
RVHS-2017229,4G,28,M
RVHS-2017230,4G,29,M
RVHS-2017231,4G,30,F
RVHS-2017232,4G,31,F
RVHS-2017233,4G,32,M
RVHS-2017234,4G,33,F
RVHS-2017235,4H,1,M
RVHS-2017236,4H,2,M
RVHS-2017237,4H,3,M
RVHS-2017238,4H,4,F
RVHS-2017239,4H,5,F
RVHS-2017240,4H,6,M
RVHS-2017241,4H,7,M
RVHS-2017242,4H,8,F
RVHS-2017243,4H,9,M
RVHS-2017244,4H,10,F
RVHS-2017245,4H,11,M
RVHS-2017246,4H,12,M
RVHS-2017247,4H,13,F
RVHS-2017248,4H,14,F
RVHS-2017249,4H,15,F
RVHS-2017250,4H,16,F
RVHS-2017251,4H,17,M
RVHS-2017252,4H,18,M
RVHS-2017253,4H,19,F
RVHS-2017254,4H,20,F
RVHS-2017255,4H,21,F
RVHS-2017256,4H,22,M
RVHS-2017257,4H,23,M
RVHS-2017258,4H,24,F
RVHS-2017259,4H,25,M
RVHS-2017260,4H,26,F
RVHS-2017261,4H,27,M
RVHS-2017262,4H,28,M
RVHS-2017263,4H,29,M
RVHS-2017264,4H,30,F
RVHS-2017265,4H,31,F
RVHS-2017266,4H,32,F
RVHS-2017267,4I,1,M
RVHS-2017268,4I,2,F
RVHS-2017269,4I,3,F
RVHS-2017270,4I,4,M
RVHS-2017271,4I,5,F
RVHS-2017272,4I,6,M
RVHS-2017273,4I,7,M
RVHS-2017274,4I,8,F
RVHS-2017275,4I,9,F
RVHS-2017276,4I,10,F
RVHS-2017277,4I,11,M
RVHS-2017278,4I,12,M
RVHS-2017279,4I,13,M
RVHS-2017280,4I,14,M
RVHS-2017281,4I,15,M
RVHS-2017282,4I,16,M
RVHS-2017283,4I,17,M
RVHS-2017284,4I,18,F
RVHS-2017285,4I,19,F
RVHS-2017286,4I,20,M
RVHS-2017287,4I,21,M
RVHS-2017288,4I,22,M
RVHS-2017289,4I,23,M
RVHS-2017290,4I,24,M
RVHS-2017291,4I,25,M
RVHS-2017292,4I,26,M
RVHS-2017293,4I,27,F
RVHS-2017294,4I,28,F
RVHS-2017295,4I,29,F
RVHS-2017296,4J,1,M
RVHS-2017297,4J,2,M
RVHS-2017298,4J,3,M
RVHS-2017299,4J,4,M
RVHS-2017300,4J,5,M
RVHS-2017301,4J,6,F
RVHS-2017302,4J,7,F
RVHS-2017303,4J,8,F
RVHS-2017304,4J,9,F
RVHS-2017305,4J,10,M
RVHS-2017306,4J,11,F
RVHS-2017307,4J,12,F
RVHS-2017308,4J,13,F
RVHS-2017309,4J,14,F
RVHS-2017310,4J,15,F
RVHS-2017311,4J,16,M
RVHS-2017312,4J,17,M
RVHS-2017313,4J,18,F
RVHS-2017314,4J,19,M
RVHS-2017315,4J,20,F
RVHS-2017316,4J,21,M
RVHS-2017317,4J,22,F
RVHS-2017318,4J,23,M
RVHS-2017319,4J,24,M
RVHS-2017320,4J,25,M
RVHS-2017321,4J,26,F
RVHS-2017322,4J,27,F
RVHS-2017323,4J,28,F
RVHS-2017324,4J,29,M
RVHS-2017325,4J,30,F
RVHS-2017326,4J,31,M
RVHS-2017327,4J,32,M
RVHS-2017328,4J,33,M
RVHS-2017329,4K,1,F
RVHS-2017330,4K,2,F
RVHS-2017331,4K,3,F
RVHS-2017332,4K,4,M
RVHS-2017333,4K,5,F
RVHS-2017334,4K,6,M
RVHS-2017335,4K,7,F
RVHS-2017336,4K,8,M
RVHS-2017337,4K,9,F
RVHS-2017338,4K,10,F
RVHS-2017339,4K,11,F
RVHS-2017340,4K,12,F
RVHS-2017341,4K,13,M
RVHS-2017342,4K,14,M
RVHS-2017343,4K,15,F
RVHS-2017344,4K,16,M
RVHS-2017345,4K,17,M
RVHS-2017346,4K,18,F
RVHS-2017347,4K,19,M
RVHS-2017348,4K,20,M
RVHS-2017349,4K,21,F
RVHS-2017350,4K,22,F
RVHS-2017351,4K,23,F
RVHS-2017352,4K,24,F
RVHS-2017353,4K,25,M
RVHS-2017354,4K,26,M
RVHS-2017355,4K,27,F
RVHS-2017356,4K,28,M
RVHS-2017357,4K,29,F
RVHS-2017358,4K,30,F
RVHS-2017359,4K,31,F
RVHS-2017360,4K,32,F
RVHS-2017361,4K,33,M
RVHS-2017362,4K,34,F
RVHS-2017363,4K,35,F
RVHS-2017364,4L,1,F
RVHS-2017365,4L,2,M
RVHS-2017366,4L,3,F
RVHS-2017367,4L,4,M
RVHS-2017368,4L,5,F
RVHS-2017369,4L,6,M
RVHS-2017370,4L,7,M
RVHS-2017371,4L,8,M
RVHS-2017372,4L,9,M
RVHS-2017373,4L,10,M
RVHS-2017374,4L,11,M
RVHS-2017375,4L,12,F
RVHS-2017376,4L,13,F
RVHS-2017377,4L,14,M
RVHS-2017378,4L,15,F
RVHS-2017379,4L,16,F
RVHS-2017380,4L,17,F
RVHS-2017381,4L,18,F
RVHS-2017382,4L,19,M
RVHS-2017383,4L,20,M
RVHS-2017384,4L,21,F
RVHS-2017385,4L,22,F
RVHS-2017386,4L,23,M
RVHS-2017387,4L,24,F
RVHS-2017388,4L,25,M
RVHS-2017389,4L,26,F
RVHS-2017390,4L,27,M
RVHS-2017391,4L,28,F
RVHS-2017392,4L,29,M
RVHS-2017393,4L,30,M
RVHS-2017394,4L,31,F
RVHS-2017395,4L,32,F
RVHS-2017396,4M,1,M
RVHS-2017397,4M,2,M
RVHS-2017398,4M,3,F
RVHS-2017399,4M,4,M
RVHS-2017400,4M,5,M
RVHS-2017401,4M,6,F
RVHS-2017402,4M,7,F
RVHS-2017403,4M,8,F
RVHS-2017404,4M,9,F
RVHS-2017405,4M,10,F
RVHS-2017406,4M,11,M
RVHS-2017407,4M,12,F
RVHS-2017408,4M,13,F
RVHS-2017409,4M,14,M
RVHS-2017410,4M,15,F
RVHS-2017411,4M,16,F
RVHS-2017412,4M,17,M
RVHS-2017413,4M,18,F
RVHS-2017414,4M,19,M
RVHS-2017415,4M,20,F
RVHS-2017416,4M,21,F
RVHS-2017417,4M,22,M
RVHS-2017418,4M,23,F
RVHS-2017419,4M,24,M
RVHS-2017420,4M,25,F
RVHS-2017421,4M,26,M
RVHS-2017422,4M,27,M
RVHS-2017423,4M,28,M
RVHS-2017424,4M,29,F
RVHS-2017425,4M,30,M
RVHS-2017426,4M,31,M
RVHS-2017427,4M,32,M
RVHS-2017428,4M,33,F
RVHS-2017429,4M,34,F
RVHS-2017430,4M,35,M
RVHS-2017431,4M,36,M
RVHS-2016001,19J01,1,F
RVHS-2016002,19J01,2,F
RVHS-2016003,19J01,3,F
RVHS-2016004,19J01,4,M
RVHS-2016005,19J01,5,M
RVHS-2016006,19J01,6,M
RVHS-2016007,19J01,7,M
RVHS-2016008,19J01,8,F
RVHS-2016009,19J01,9,M
RVHS-2016010,19J01,10,M
RVHS-2016011,19J01,11,F
RVHS-2016012,19J01,12,F
RVHS-2016013,19J01,13,F
RVHS-2016014,19J01,14,M
RVHS-2016015,19J01,15,F
RVHS-2016016,19J01,16,M
RVHS-2016017,19J01,17,M
RVHS-2016018,19J01,18,M
RVHS-2016019,19J01,19,F
RVHS-2016020,19J01,20,F
RVHS-2016021,19J01,21,F
RVHS-2016022,19J01,22,F
RVHS-2016023,19J01,23,M
RVHS-2016024,19J02,1,M
RVHS-2016025,19J02,2,F
RVHS-2016026,19J02,3,F
RVHS-2016027,19J02,4,F
RVHS-2016028,19J02,5,M
RVHS-2016029,19J02,6,M
RVHS-2016030,19J02,7,M
RVHS-2016031,19J02,8,F
RVHS-2016032,19J02,9,M
RVHS-2016033,19J02,10,M
RVHS-2016034,19J02,11,M
RVHS-2016035,19J02,12,F
RVHS-2016036,19J02,13,M
RVHS-2016037,19J02,14,M
RVHS-2016038,19J02,15,F
RVHS-2016039,19J02,16,F
RVHS-2016040,19J02,17,M
RVHS-2016041,19J02,18,M
RVHS-2016042,19J02,19,M
RVHS-2016043,19J02,20,M
RVHS-2016044,19J02,21,M
RVHS-2016045,19J02,22,F
RVHS-2016046,19J02,23,F
RVHS-2016047,19J03,1,M
RVHS-2016048,19J03,2,M
RVHS-2016049,19J03,3,M
RVHS-2016050,19J03,4,F
RVHS-2016051,19J03,5,M
RVHS-2016052,19J03,6,F
RVHS-2016053,19J03,7,F
RVHS-2016054,19J03,8,F
RVHS-2016055,19J03,9,F
RVHS-2016056,19J03,10,M
RVHS-2016057,19J03,11,F
RVHS-2016058,19J03,12,F
RVHS-2016059,19J03,13,F
RVHS-2016060,19J03,14,M
RVHS-2016061,19J03,15,M
RVHS-2016062,19J03,16,F
RVHS-2016063,19J03,17,F
RVHS-2016064,19J03,18,F
RVHS-2016065,19J03,19,M
RVHS-2016066,19J03,20,M
RVHS-2016067,19J03,21,M
RVHS-2016068,19J04,1,F
RVHS-2016069,19J04,2,F
RVHS-2016070,19J04,3,M
RVHS-2016071,19J04,4,F
RVHS-2016072,19J04,5,F
RVHS-2016073,19J04,6,F
RVHS-2016074,19J04,7,F
RVHS-2016075,19J04,8,F
RVHS-2016076,19J04,9,M
RVHS-2016077,19J04,10,F
RVHS-2016078,19J04,11,M
RVHS-2016079,19J04,12,M
RVHS-2016080,19J04,13,M
RVHS-2016081,19J04,14,F
RVHS-2016082,19J04,15,M
RVHS-2016083,19J04,16,M
RVHS-2016084,19J04,17,M
RVHS-2016085,19J04,18,F
RVHS-2016086,19J04,19,F
RVHS-2016087,19J04,20,M
RVHS-2016088,19J04,21,F
RVHS-2016089,19J04,22,F
RVHS-2016090,19J04,23,M
RVHS-2016091,19J04,24,M
RVHS-2016092,19J04,25,M
RVHS-2016093,19J05,1,F
RVHS-2016094,19J05,2,M
RVHS-2016095,19J05,3,F
RVHS-2016096,19J05,4,F
RVHS-2016097,19J05,5,F
RVHS-2016098,19J05,6,F
RVHS-2016099,19J05,7,F
RVHS-2016100,19J05,8,M
RVHS-2016101,19J05,9,F
RVHS-2016102,19J05,10,M
RVHS-2016103,19J05,11,F
RVHS-2016104,19J05,12,M
RVHS-2016105,19J05,13,F
RVHS-2016106,19J05,14,M
RVHS-2016107,19J05,15,M
RVHS-2016108,19J05,16,M
RVHS-2016109,19J05,17,F
RVHS-2016110,19J05,18,M
RVHS-2016111,19J06,1,F
RVHS-2016112,19J06,2,F
RVHS-2016113,19J06,3,M
RVHS-2016114,19J06,4,M
RVHS-2016115,19J06,5,F
RVHS-2016116,19J06,6,F
RVHS-2016117,19J06,7,F
RVHS-2016118,19J06,8,F
RVHS-2016119,19J06,9,M
RVHS-2016120,19J06,10,M
RVHS-2016121,19J06,11,F
RVHS-2016122,19J06,12,F
RVHS-2016123,19J06,13,M
RVHS-2016124,19J06,14,M
RVHS-2016125,19J06,15,M
RVHS-2016126,19J06,16,F
RVHS-2016127,19J06,17,F
RVHS-2016128,19J06,18,M
RVHS-2016129,19J06,19,F
RVHS-2016130,19J06,20,M
RVHS-2016131,19J06,21,F
RVHS-2016132,19J06,22,M
RVHS-2016133,19J06,23,F
RVHS-2016134,19J06,24,F
RVHS-2016135,19J06,25,F
RVHS-2016136,19J07,1,M
RVHS-2016137,19J07,2,F
RVHS-2016138,19J07,3,F
RVHS-2016139,19J07,4,F
RVHS-2016140,19J07,5,M
RVHS-2016141,19J07,6,M
RVHS-2016142,19J07,7,F
RVHS-2016143,19J07,8,M
RVHS-2016144,19J07,9,F
RVHS-2016145,19J07,10,F
RVHS-2016146,19J07,11,M
RVHS-2016147,19J07,12,M
RVHS-2016148,19J07,13,M
RVHS-2016149,19J07,14,M
RVHS-2016150,19J07,15,M
RVHS-2016151,19J07,16,F
RVHS-2016152,19J07,17,M
RVHS-2016153,19J07,18,F
RVHS-2016154,19J07,19,M
RVHS-2016155,19J07,20,F
RVHS-2016156,19J08,1,M
RVHS-2016157,19J08,2,M
RVHS-2016158,19J08,3,F
RVHS-2016159,19J08,4,F
RVHS-2016160,19J08,5,M
RVHS-2016161,19J08,6,F
RVHS-2016162,19J08,7,M
RVHS-2016163,19J08,8,M
RVHS-2016164,19J08,9,F
RVHS-2016165,19J08,10,M
RVHS-2016166,19J08,11,M
RVHS-2016167,19J08,12,M
RVHS-2016168,19J08,13,M
RVHS-2016169,19J08,14,M
RVHS-2016170,19J08,15,M
RVHS-2016171,19J08,16,F
RVHS-2016172,19J08,17,M
RVHS-2016173,19J08,18,F
RVHS-2016174,19J08,19,M
RVHS-2016175,19J08,20,F
RVHS-2016176,19J08,21,F
RVHS-2016177,19J08,22,M
RVHS-2016178,19J08,23,F
RVHS-2016179,19J09,1,M
RVHS-2016180,19J09,2,F
RVHS-2016181,19J09,3,F
RVHS-2016182,19J09,4,M
RVHS-2016183,19J09,5,M
RVHS-2016184,19J09,6,M
RVHS-2016185,19J09,7,F
RVHS-2016186,19J09,8,F
RVHS-2016187,19J09,9,M
RVHS-2016188,19J09,10,M
RVHS-2016189,19J09,11,M
RVHS-2016190,19J09,12,F
RVHS-2016191,19J09,13,M
RVHS-2016192,19J09,14,F
RVHS-2016193,19J09,15,M
RVHS-2016194,19J09,16,F
RVHS-2016195,19J09,17,F
RVHS-2016196,19J09,18,M
RVHS-2016197,19J09,19,F
RVHS-2016198,19J09,20,F
RVHS-2016199,19J09,21,F
RVHS-2016200,19J09,22,F
RVHS-2016201,19J09,23,F
RVHS-2016202,19J10,1,M
RVHS-2016203,19J10,2,F
RVHS-2016204,19J10,3,M
RVHS-2016205,19J10,4,M
RVHS-2016206,19J10,5,M
RVHS-2016207,19J10,6,M
RVHS-2016208,19J10,7,M
RVHS-2016209,19J10,8,M
RVHS-2016210,19J10,9,M
RVHS-2016211,19J10,10,F
RVHS-2016212,19J10,11,F
RVHS-2016213,19J10,12,F
RVHS-2016214,19J10,13,F
RVHS-2016215,19J10,14,F
RVHS-2016216,19J10,15,F
RVHS-2016217,19J10,16,F
RVHS-2016218,19J10,17,F
RVHS-2016219,19J10,18,F
RVHS-2016220,19J10,19,M
RVHS-2016221,19J10,20,M
RVHS-2016222,19J10,21,M
RVHS-2016223,19J11,1,M
RVHS-2016224,19J11,2,M
RVHS-2016225,19J11,3,F
RVHS-2016226,19J11,4,M
RVHS-2016227,19J11,5,F
RVHS-2016228,19J11,6,F
RVHS-2016229,19J11,7,F
RVHS-2016230,19J11,8,F
RVHS-2016231,19J11,9,M
RVHS-2016232,19J11,10,M
RVHS-2016233,19J11,11,M
RVHS-2016234,19J11,12,F
RVHS-2016235,19J11,13,F
RVHS-2016236,19J11,14,F
RVHS-2016237,19J11,15,M
RVHS-2016238,19J11,16,F
RVHS-2016239,19J11,17,M
RVHS-2016240,19J11,18,M
RVHS-2016241,19J11,19,M
RVHS-2016242,19J12,1,M
RVHS-2016243,19J12,2,F
RVHS-2016244,19J12,3,F
RVHS-2016245,19J12,4,F
RVHS-2016246,19J12,5,F
RVHS-2016247,19J12,6,F
RVHS-2016248,19J12,7,M
RVHS-2016249,19J12,8,F
RVHS-2016250,19J12,9,M
RVHS-2016251,19J12,10,F
RVHS-2016252,19J12,11,F
RVHS-2016253,19J12,12,F
RVHS-2016254,19J12,13,M
RVHS-2016255,19J12,14,F
RVHS-2016256,19J12,15,M
RVHS-2016257,19J12,16,M
RVHS-2016258,19J12,17,M
RVHS-2016259,19J12,18,F
RVHS-2016260,19J13,1,F
RVHS-2016261,19J13,2,F
RVHS-2016262,19J13,3,M
RVHS-2016263,19J13,4,F
RVHS-2016264,19J13,5,M
RVHS-2016265,19J13,6,F
RVHS-2016266,19J13,7,M
RVHS-2016267,19J13,8,M
RVHS-2016268,19J13,9,M
RVHS-2016269,19J13,10,M
RVHS-2016270,19J13,11,M
RVHS-2016271,19J13,12,M
RVHS-2016272,19J13,13,F
RVHS-2016273,19J13,14,M
RVHS-2016274,19J13,15,M
RVHS-2016275,19J13,16,M
RVHS-2016276,19J13,17,M
RVHS-2016277,19J13,18,M
RVHS-2016278,19J13,19,F
RVHS-2016279,19J13,20,M
RVHS-2016280,19J13,21,F
RVHS-2016281,19J14,1,M
RVHS-2016282,19J14,2,M
RVHS-2016283,19J14,3,M
RVHS-2016284,19J14,4,M
RVHS-2016285,19J14,5,F
RVHS-2016286,19J14,6,M
RVHS-2016287,19J14,7,F
RVHS-2016288,19J14,8,F
RVHS-2016289,19J14,9,M
RVHS-2016290,19J14,10,F
RVHS-2016291,19J14,11,M
RVHS-2016292,19J14,12,M
RVHS-2016293,19J14,13,M
RVHS-2016294,19J14,14,M
RVHS-2016295,19J14,15,M
RVHS-2016296,19J14,16,F
RVHS-2016297,19J14,17,M
RVHS-2016298,19J14,18,F
RVHS-2016299,19J14,19,F
RVHS-2016300,19J15,1,M
RVHS-2016301,19J15,2,M
RVHS-2016302,19J15,3,M
RVHS-2016303,19J15,4,M
RVHS-2016304,19J15,5,F
RVHS-2016305,19J15,6,F
RVHS-2016306,19J15,7,F
RVHS-2016307,19J15,8,M
RVHS-2016308,19J15,9,F
RVHS-2016309,19J15,10,M
RVHS-2016310,19J15,11,M
RVHS-2016311,19J15,12,F
RVHS-2016312,19J15,13,F
RVHS-2016313,19J15,14,F
RVHS-2016314,19J15,15,F
RVHS-2016315,19J15,16,F
RVHS-2016316,19J15,17,F
RVHS-2016317,19J15,18,M
RVHS-2016318,19J15,19,F
RVHS-2016319,19J15,20,F
RVHS-2016320,19J15,21,M
RVHS-2016321,19J15,22,F
RVHS-2016322,19J15,23,F
RVHS-2016323,19J15,24,M
RVHS-2016324,19J15,25,F
RVHS-2016325,19J15,26,F
RVHS-2016326,19J16,1,M
RVHS-2016327,19J16,2,F
RVHS-2016328,19J16,3,F
RVHS-2016329,19J16,4,M
RVHS-2016330,19J16,5,F
RVHS-2016331,19J16,6,M
RVHS-2016332,19J16,7,M
RVHS-2016333,19J16,8,M
RVHS-2016334,19J16,9,M
RVHS-2016335,19J16,10,M
RVHS-2016336,19J16,11,F
RVHS-2016337,19J16,12,F
RVHS-2016338,19J16,13,F
RVHS-2016339,19J16,14,F
RVHS-2016340,19J16,15,F
RVHS-2016341,19J16,16,M
RVHS-2016342,19J16,17,M
RVHS-2016343,19J16,18,M
RVHS-2016344,19J16,19,M
RVHS-2016345,19J16,20,M
RVHS-2016346,19J16,21,M
RVHS-2016347,19J16,22,M
RVHS-2016348,19J16,23,M
RVHS-2016349,19J16,24,F
RVHS-2016350,19J17,1,M
RVHS-2016351,19J17,2,F
RVHS-2016352,19J17,3,F
RVHS-2016353,19J17,4,F
RVHS-2016354,19J17,5,F
RVHS-2016355,19J17,6,F
RVHS-2016356,19J17,7,F
RVHS-2016357,19J17,8,M
RVHS-2016358,19J17,9,M
RVHS-2016359,19J17,10,F
RVHS-2016360,19J17,11,F
RVHS-2016361,19J17,12,M
RVHS-2016362,19J17,13,F
RVHS-2016363,19J17,14,F
RVHS-2016364,19J17,15,M
RVHS-2016365,19J17,16,F
RVHS-2016366,19J17,17,F
RVHS-2016367,19J17,18,M
RVHS-2016368,19J18,1,F
RVHS-2016369,19J18,2,F
RVHS-2016370,19J18,3,F
RVHS-2016371,19J18,4,M
RVHS-2016372,19J18,5,M
RVHS-2016373,19J18,6,F
RVHS-2016374,19J18,7,M
RVHS-2016375,19J18,8,F
RVHS-2016376,19J18,9,M
RVHS-2016377,19J18,10,F
RVHS-2016378,19J18,11,F
RVHS-2016379,19J18,12,F
RVHS-2016380,19J18,13,M
RVHS-2016381,19J18,14,M
RVHS-2016382,19J18,15,M
RVHS-2016383,19J18,16,M
RVHS-2016384,19J18,17,F
RVHS-2016385,19J18,18,F
RVHS-2016386,19J18,19,F
RVHS-2016387,19J18,20,M
RVHS-2016388,19J18,21,F
RVHS-2016389,19J19,1,F
RVHS-2016390,19J19,2,M
RVHS-2016391,19J19,3,M
RVHS-2016392,19J19,4,M
RVHS-2016393,19J19,5,F
RVHS-2016394,19J19,6,M
RVHS-2016395,19J19,7,F
RVHS-2016396,19J19,8,F
RVHS-2016397,19J19,9,M
RVHS-2016398,19J19,10,M
RVHS-2016399,19J19,11,F
RVHS-2016400,19J19,12,M
RVHS-2016401,19J19,13,F
RVHS-2016402,19J19,14,F
RVHS-2016403,19J19,15,M
RVHS-2016404,19J19,16,F
RVHS-2016405,19J19,17,M
RVHS-2016406,19J19,18,F
RVHS-2016407,19J19,19,M
RVHS-2016408,19J19,20,M
RVHS-2016409,19J19,21,M
RVHS-2016410,19J19,22,F
RVHS-2016411,19J19,23,F
RVHS-2016412,19J19,24,M
RVHS-2016413,19J19,25,F
RVHS-2016414,19J20,1,M
RVHS-2016415,19J20,2,F
RVHS-2016416,19J20,3,F
RVHS-2016417,19J20,4,F
RVHS-2016418,19J20,5,M
RVHS-2016419,19J20,6,M
RVHS-2016420,19J20,7,M
RVHS-2016421,19J20,8,M
RVHS-2016422,19J20,9,M
RVHS-2016423,19J20,10,F
RVHS-2016424,19J20,11,M
RVHS-2016425,19J20,12,F
RVHS-2016426,19J20,13,M
RVHS-2016427,19J20,14,M
RVHS-2016428,19J20,15,F
RVHS-2016429,19J20,16,M
RVHS-2016430,19J20,17,F
RVHS-2016431,19J20,18,F
RVHS-2016432,19J20,19,F
RVHS-2016433,19J20,20,M
RVHS-2016434,19J20,21,F
RVHS-2016435,19J20,22,M
RVHS-2015001,20J01,1,M
RVHS-2015002,20J01,2,F
RVHS-2015003,20J01,3,M
RVHS-2015004,20J01,4,M
RVHS-2015005,20J01,5,F
RVHS-2015006,20J01,6,F
RVHS-2015007,20J01,7,F
RVHS-2015008,20J01,8,M
RVHS-2015009,20J01,9,F
RVHS-2015010,20J01,10,F
RVHS-2015011,20J01,11,F
RVHS-2015012,20J01,12,F
RVHS-2015013,20J01,13,M
RVHS-2015014,20J01,14,F
RVHS-2015015,20J01,15,M
RVHS-2015016,20J01,16,F
RVHS-2015017,20J01,17,M
RVHS-2015018,20J01,18,M
RVHS-2015019,20J01,19,F
RVHS-2015020,20J01,20,F
RVHS-2015021,20J01,21,F
RVHS-2015022,20J01,22,M
RVHS-2015023,20J01,23,M
RVHS-2015024,20J02,1,M
RVHS-2015025,20J02,2,M
RVHS-2015026,20J02,3,M
RVHS-2015027,20J02,4,F
RVHS-2015028,20J02,5,M
RVHS-2015029,20J02,6,F
RVHS-2015030,20J02,7,M
RVHS-2015031,20J02,8,F
RVHS-2015032,20J02,9,F
RVHS-2015033,20J02,10,F
RVHS-2015034,20J02,11,M
RVHS-2015035,20J02,12,M
RVHS-2015036,20J02,13,F
RVHS-2015037,20J02,14,M
RVHS-2015038,20J02,15,M
RVHS-2015039,20J02,16,F
RVHS-2015040,20J02,17,F
RVHS-2015041,20J02,18,F
RVHS-2015042,20J02,19,M
RVHS-2015043,20J02,20,M
RVHS-2015044,20J02,21,M
RVHS-2015045,20J02,22,M
RVHS-2015046,20J02,23,F
RVHS-2015047,20J02,24,F
RVHS-2015048,20J02,25,F
RVHS-2015049,20J02,26,M
RVHS-2015050,20J03,1,F
RVHS-2015051,20J03,2,M
RVHS-2015052,20J03,3,M
RVHS-2015053,20J03,4,M
RVHS-2015054,20J03,5,F
RVHS-2015055,20J03,6,M
RVHS-2015056,20J03,7,M
RVHS-2015057,20J03,8,F
RVHS-2015058,20J03,9,M
RVHS-2015059,20J03,10,F
RVHS-2015060,20J03,11,M
RVHS-2015061,20J03,12,F
RVHS-2015062,20J03,13,M
RVHS-2015063,20J03,14,F
RVHS-2015064,20J03,15,M
RVHS-2015065,20J03,16,M
RVHS-2015066,20J03,17,M
RVHS-2015067,20J03,18,F
RVHS-2015068,20J03,19,F
RVHS-2015069,20J03,20,F
RVHS-2015070,20J03,21,F
RVHS-2015071,20J03,22,F
RVHS-2015072,20J04,1,M
RVHS-2015073,20J04,2,M
RVHS-2015074,20J04,3,F
RVHS-2015075,20J04,4,F
RVHS-2015076,20J04,5,F
RVHS-2015077,20J04,6,M
RVHS-2015078,20J04,7,M
RVHS-2015079,20J04,8,F
RVHS-2015080,20J04,9,F
RVHS-2015081,20J04,10,M
RVHS-2015082,20J04,11,F
RVHS-2015083,20J04,12,M
RVHS-2015084,20J04,13,M
RVHS-2015085,20J04,14,F
RVHS-2015086,20J04,15,F
RVHS-2015087,20J04,16,M
RVHS-2015088,20J04,17,F
RVHS-2015089,20J04,18,F
RVHS-2015090,20J04,19,F
RVHS-2015091,20J04,20,M
RVHS-2015092,20J04,21,F
RVHS-2015093,20J04,22,F
RVHS-2015094,20J04,23,M
RVHS-2015095,20J04,24,M
RVHS-2015096,20J04,25,M
RVHS-2015097,20J04,26,F
RVHS-2015098,20J05,1,M
RVHS-2015099,20J05,2,F
RVHS-2015100,20J05,3,M
RVHS-2015101,20J05,4,M
RVHS-2015102,20J05,5,M
RVHS-2015103,20J05,6,F
RVHS-2015104,20J05,7,M
RVHS-2015105,20J05,8,F
RVHS-2015106,20J05,9,F
RVHS-2015107,20J05,10,M
RVHS-2015108,20J05,11,F
RVHS-2015109,20J05,12,M
RVHS-2015110,20J05,13,F
RVHS-2015111,20J05,14,F
RVHS-2015112,20J05,15,F
RVHS-2015113,20J05,16,F
RVHS-2015114,20J05,17,F
RVHS-2015115,20J05,18,M
RVHS-2015116,20J05,19,M
RVHS-2015117,20J05,20,M
RVHS-2015118,20J05,21,F
RVHS-2015119,20J05,22,M
RVHS-2015120,20J05,23,F
RVHS-2015121,20J05,24,F
RVHS-2015122,20J06,1,F
RVHS-2015123,20J06,2,M
RVHS-2015124,20J06,3,M
RVHS-2015125,20J06,4,M
RVHS-2015126,20J06,5,M
RVHS-2015127,20J06,6,F
RVHS-2015128,20J06,7,M
RVHS-2015129,20J06,8,F
RVHS-2015130,20J06,9,M
RVHS-2015131,20J06,10,M
RVHS-2015132,20J06,11,M
RVHS-2015133,20J06,12,M
RVHS-2015134,20J06,13,F
RVHS-2015135,20J06,14,M
RVHS-2015136,20J06,15,M
RVHS-2015137,20J06,16,M
RVHS-2015138,20J06,17,F
RVHS-2015139,20J06,18,F
RVHS-2015140,20J07,1,F
RVHS-2015141,20J07,2,F
RVHS-2015142,20J07,3,M
RVHS-2015143,20J07,4,M
RVHS-2015144,20J07,5,M
RVHS-2015145,20J07,6,F
RVHS-2015146,20J07,7,M
RVHS-2015147,20J07,8,F
RVHS-2015148,20J07,9,M
RVHS-2015149,20J07,10,M
RVHS-2015150,20J07,11,F
RVHS-2015151,20J07,12,F
RVHS-2015152,20J07,13,M
RVHS-2015153,20J07,14,F
RVHS-2015154,20J07,15,M
RVHS-2015155,20J07,16,M
RVHS-2015156,20J07,17,M
RVHS-2015157,20J07,18,F
RVHS-2015158,20J07,19,F
RVHS-2015159,20J08,1,F
RVHS-2015160,20J08,2,M
RVHS-2015161,20J08,3,M
RVHS-2015162,20J08,4,M
RVHS-2015163,20J08,5,M
RVHS-2015164,20J08,6,M
RVHS-2015165,20J08,7,M
RVHS-2015166,20J08,8,F
RVHS-2015167,20J08,9,F
RVHS-2015168,20J08,10,F
RVHS-2015169,20J08,11,M
RVHS-2015170,20J08,12,M
RVHS-2015171,20J08,13,M
RVHS-2015172,20J08,14,F
RVHS-2015173,20J08,15,M
RVHS-2015174,20J08,16,M
RVHS-2015175,20J08,17,F
RVHS-2015176,20J08,18,M
RVHS-2015177,20J08,19,F
RVHS-2015178,20J09,1,F
RVHS-2015179,20J09,2,M
RVHS-2015180,20J09,3,F
RVHS-2015181,20J09,4,F
RVHS-2015182,20J09,5,F
RVHS-2015183,20J09,6,M
RVHS-2015184,20J09,7,M
RVHS-2015185,20J09,8,F
RVHS-2015186,20J09,9,F
RVHS-2015187,20J09,10,F
RVHS-2015188,20J09,11,F
RVHS-2015189,20J09,12,F
RVHS-2015190,20J09,13,M
RVHS-2015191,20J09,14,F
RVHS-2015192,20J09,15,F
RVHS-2015193,20J09,16,M
RVHS-2015194,20J09,17,F
RVHS-2015195,20J09,18,M
RVHS-2015196,20J09,19,M
RVHS-2015197,20J09,20,M
RVHS-2015198,20J09,21,M
RVHS-2015199,20J09,22,F
RVHS-2015200,20J09,23,M
RVHS-2015201,20J09,24,M
RVHS-2015202,20J10,1,F
RVHS-2015203,20J10,2,M
RVHS-2015204,20J10,3,F
RVHS-2015205,20J10,4,M
RVHS-2015206,20J10,5,F
RVHS-2015207,20J10,6,F
RVHS-2015208,20J10,7,M
RVHS-2015209,20J10,8,M
RVHS-2015210,20J10,9,M
RVHS-2015211,20J10,10,F
RVHS-2015212,20J10,11,F
RVHS-2015213,20J10,12,M
RVHS-2015214,20J10,13,F
RVHS-2015215,20J10,14,F
RVHS-2015216,20J10,15,F
RVHS-2015217,20J10,16,M
RVHS-2015218,20J10,17,M
RVHS-2015219,20J10,18,F
RVHS-2015220,20J10,19,F
RVHS-2015221,20J10,20,F
RVHS-2015222,20J10,21,F
RVHS-2015223,20J11,1,M
RVHS-2015224,20J11,2,F
RVHS-2015225,20J11,3,M
RVHS-2015226,20J11,4,F
RVHS-2015227,20J11,5,F
RVHS-2015228,20J11,6,F
RVHS-2015229,20J11,7,M
RVHS-2015230,20J11,8,M
RVHS-2015231,20J11,9,M
RVHS-2015232,20J11,10,M
RVHS-2015233,20J11,11,F
RVHS-2015234,20J11,12,M
RVHS-2015235,20J11,13,F
RVHS-2015236,20J11,14,M
RVHS-2015237,20J11,15,F
RVHS-2015238,20J11,16,M
RVHS-2015239,20J11,17,F
RVHS-2015240,20J11,18,F
RVHS-2015241,20J11,19,M
RVHS-2015242,20J11,20,M
RVHS-2015243,20J12,1,F
RVHS-2015244,20J12,2,M
RVHS-2015245,20J12,3,M
RVHS-2015246,20J12,4,F
RVHS-2015247,20J12,5,M
RVHS-2015248,20J12,6,M
RVHS-2015249,20J12,7,F
RVHS-2015250,20J12,8,M
RVHS-2015251,20J12,9,M
RVHS-2015252,20J12,10,M
RVHS-2015253,20J12,11,M
RVHS-2015254,20J12,12,F
RVHS-2015255,20J12,13,F
RVHS-2015256,20J12,14,M
RVHS-2015257,20J12,15,F
RVHS-2015258,20J12,16,F
RVHS-2015259,20J12,17,M
RVHS-2015260,20J12,18,F
RVHS-2015261,20J12,19,F
RVHS-2015262,20J12,20,F
RVHS-2015263,20J12,21,F
RVHS-2015264,20J12,22,F
RVHS-2015265,20J12,23,F
RVHS-2015266,20J12,24,M
RVHS-2015267,20J12,25,M
RVHS-2015268,20J13,1,F
RVHS-2015269,20J13,2,M
RVHS-2015270,20J13,3,F
RVHS-2015271,20J13,4,F
RVHS-2015272,20J13,5,F
RVHS-2015273,20J13,6,M
RVHS-2015274,20J13,7,F
RVHS-2015275,20J13,8,M
RVHS-2015276,20J13,9,M
RVHS-2015277,20J13,10,F
RVHS-2015278,20J13,11,M
RVHS-2015279,20J13,12,F
RVHS-2015280,20J13,13,F
RVHS-2015281,20J13,14,F
RVHS-2015282,20J13,15,F
RVHS-2015283,20J13,16,M
RVHS-2015284,20J13,17,M
RVHS-2015285,20J13,18,F
RVHS-2015286,20J13,19,F
RVHS-2015287,20J14,1,M
RVHS-2015288,20J14,2,F
RVHS-2015289,20J14,3,M
RVHS-2015290,20J14,4,M
RVHS-2015291,20J14,5,F
RVHS-2015292,20J14,6,M
RVHS-2015293,20J14,7,M
RVHS-2015294,20J14,8,F
RVHS-2015295,20J14,9,M
RVHS-2015296,20J14,10,M
RVHS-2015297,20J14,11,F
RVHS-2015298,20J14,12,M
RVHS-2015299,20J14,13,F
RVHS-2015300,20J14,14,F
RVHS-2015301,20J14,15,M
RVHS-2015302,20J14,16,M
RVHS-2015303,20J14,17,F
RVHS-2015304,20J14,18,M
RVHS-2015305,20J14,19,F
RVHS-2015306,20J15,1,M
RVHS-2015307,20J15,2,M
RVHS-2015308,20J15,3,F
RVHS-2015309,20J15,4,M
RVHS-2015310,20J15,5,F
RVHS-2015311,20J15,6,F
RVHS-2015312,20J15,7,M
RVHS-2015313,20J15,8,M
RVHS-2015314,20J15,9,F
RVHS-2015315,20J15,10,M
RVHS-2015316,20J15,11,M
RVHS-2015317,20J15,12,M
RVHS-2015318,20J15,13,F
RVHS-2015319,20J15,14,M
RVHS-2015320,20J15,15,M
RVHS-2015321,20J15,16,F
RVHS-2015322,20J15,17,M
RVHS-2015323,20J15,18,M
RVHS-2015324,20J15,19,M
RVHS-2015325,20J15,20,F
RVHS-2015326,20J15,21,M
RVHS-2015327,20J15,22,M
RVHS-2015328,20J15,23,F
RVHS-2015329,20J15,24,M
RVHS-2015330,20J16,1,F
RVHS-2015331,20J16,2,F
RVHS-2015332,20J16,3,M
RVHS-2015333,20J16,4,M
RVHS-2015334,20J16,5,F
RVHS-2015335,20J16,6,M
RVHS-2015336,20J16,7,M
RVHS-2015337,20J16,8,F
RVHS-2015338,20J16,9,M
RVHS-2015339,20J16,10,F
RVHS-2015340,20J16,11,F
RVHS-2015341,20J16,12,M
RVHS-2015342,20J16,13,F
RVHS-2015343,20J16,14,M
RVHS-2015344,20J16,15,M
RVHS-2015345,20J16,16,F
RVHS-2015346,20J16,17,M
RVHS-2015347,20J16,18,F
RVHS-2015348,20J17,1,F
RVHS-2015349,20J17,2,F
RVHS-2015350,20J17,3,M
RVHS-2015351,20J17,4,M
RVHS-2015352,20J17,5,M
RVHS-2015353,20J17,6,M
RVHS-2015354,20J17,7,F
RVHS-2015355,20J17,8,F
RVHS-2015356,20J17,9,M
RVHS-2015357,20J17,10,F
RVHS-2015358,20J17,11,M
RVHS-2015359,20J17,12,M
RVHS-2015360,20J17,13,F
RVHS-2015361,20J17,14,M
RVHS-2015362,20J17,15,F
RVHS-2015363,20J17,16,F
RVHS-2015364,20J17,17,F
RVHS-2015365,20J17,18,M
RVHS-2015366,20J17,19,M
RVHS-2015367,20J17,20,M
RVHS-2015368,20J17,21,F
RVHS-2015369,20J17,22,M
RVHS-2015370,20J17,23,M
RVHS-2015371,20J17,24,F
RVHS-2015372,20J17,25,F
RVHS-2015373,20J17,26,M
RVHS-2015374,20J18,1,M
RVHS-2015375,20J18,2,F
RVHS-2015376,20J18,3,M
RVHS-2015377,20J18,4,F
RVHS-2015378,20J18,5,M
RVHS-2015379,20J18,6,M
RVHS-2015380,20J18,7,M
RVHS-2015381,20J18,8,M
RVHS-2015382,20J18,9,M
RVHS-2015383,20J18,10,M
RVHS-2015384,20J18,11,F
RVHS-2015385,20J18,12,F
RVHS-2015386,20J18,13,F
RVHS-2015387,20J18,14,M
RVHS-2015388,20J18,15,M
RVHS-2015389,20J18,16,F
RVHS-2015390,20J18,17,F
RVHS-2015391,20J18,18,F
RVHS-2015392,20J18,19,F
RVHS-2015393,20J19,1,F
RVHS-2015394,20J19,2,M
RVHS-2015395,20J19,3,M
RVHS-2015396,20J19,4,M
RVHS-2015397,20J19,5,F
RVHS-2015398,20J19,6,F
RVHS-2015399,20J19,7,F
RVHS-2015400,20J19,8,M
RVHS-2015401,20J19,9,M
RVHS-2015402,20J19,10,M
RVHS-2015403,20J19,11,M
RVHS-2015404,20J19,12,F
RVHS-2015405,20J19,13,M
RVHS-2015406,20J19,14,F
RVHS-2015407,20J19,15,F
RVHS-2015408,20J19,16,F
RVHS-2015409,20J19,17,F
RVHS-2015410,20J19,18,F
RVHS-2015411,20J19,19,M
RVHS-2015412,20J19,20,M
RVHS-2015413,20J19,21,F
RVHS-2015414,20J19,22,M
RVHS-2015415,20J20,1,M
RVHS-2015416,20J20,2,F
RVHS-2015417,20J20,3,F
RVHS-2015418,20J20,4,M
RVHS-2015419,20J20,5,M
RVHS-2015420,20J20,6,M
RVHS-2015421,20J20,7,F
RVHS-2015422,20J20,8,M
RVHS-2015423,20J20,9,M
RVHS-2015424,20J20,10,M
RVHS-2015425,20J20,11,M
RVHS-2015426,20J20,12,F
RVHS-2015427,20J20,13,F
RVHS-2015428,20J20,14,M
RVHS-2015429,20J20,15,F
RVHS-2015430,20J20,16,M
RVHS-2015431,20J20,17,F
RVHS-2015432,20J20,18,M
